"org","chr","bp","range","trait"
"Sbicolor_v3.1.1",1,1438002,1e+05,"B"
"Sbicolor_v3.1.1",1,6099213,1e+05,"B"
"Sbicolor_v3.1.1",1,7405385,1e+05,"B"
"Sbicolor_v3.1.1",1,10739071,1e+05,"B"
"Sbicolor_v3.1.1",1,17841077,1e+05,"B"
"Sbicolor_v3.1.1",1,18055105,1e+05,"B"
"Sbicolor_v3.1.1",2,5488312,1e+05,"B"
"Sbicolor_v3.1.1",2,56699515,1e+05,"B"
"Sbicolor_v3.1.1",2,59249165,1e+05,"B"
"Sbicolor_v3.1.1",2,59914591,1e+05,"B"
"Sbicolor_v3.1.1",2,61861895,1e+05,"B"
"Sbicolor_v3.1.1",3,1973326,1e+05,"B"
"Sbicolor_v3.1.1",3,1973326,1e+05,"B"
"Sbicolor_v3.1.1",3,10722184,1e+05,"B"
"Sbicolor_v3.1.1",3,50900421,1e+05,"B"
"Sbicolor_v3.1.1",3,53137911,1e+05,"B"
"Sbicolor_v3.1.1",3,54346820,1e+05,"B"
"Sbicolor_v3.1.1",3,56243687,1e+05,"B"
"Sbicolor_v3.1.1",3,60311859,1e+05,"B"
"Sbicolor_v3.1.1",3,60399994,1e+05,"B"
"Sbicolor_v3.1.1",3,62649631,1e+05,"B"
"Sbicolor_v3.1.1",3,70453349,1e+05,"B"
"Sbicolor_v3.1.1",4,4083807,1e+05,"B"
"Sbicolor_v3.1.1",4,9443783,1e+05,"B"
"Sbicolor_v3.1.1",4,18743649,1e+05,"B"
"Sbicolor_v3.1.1",4,52062305,1e+05,"B"
"Sbicolor_v3.1.1",4,52370214,1e+05,"B"
"Sbicolor_v3.1.1",4,52726874,1e+05,"B"
"Sbicolor_v3.1.1",4,57157310,1e+05,"B"
"Sbicolor_v3.1.1",4,58125280,1e+05,"B"
"Sbicolor_v3.1.1",4,59603083,1e+05,"B"
"Sbicolor_v3.1.1",4,63461528,1e+05,"B"
"Sbicolor_v3.1.1",4,66997643,1e+05,"B"
"Sbicolor_v3.1.1",4,67081509,1e+05,"B"
"Sbicolor_v3.1.1",4,67084137,1e+05,"B"
"Sbicolor_v3.1.1",5,333639,1e+05,"B"
"Sbicolor_v3.1.1",5,4711135,1e+05,"B"
"Sbicolor_v3.1.1",5,11358462,1e+05,"B"
"Sbicolor_v3.1.1",5,13438780,1e+05,"B"
"Sbicolor_v3.1.1",5,55213635,1e+05,"B"
"Sbicolor_v3.1.1",5,62969823,1e+05,"B"
"Sbicolor_v3.1.1",5,65308676,1e+05,"B"
"Sbicolor_v3.1.1",5,69720862,1e+05,"B"
"Sbicolor_v3.1.1",5,69854939,1e+05,"B"
"Sbicolor_v3.1.1",6,46372043,1e+05,"B"
"Sbicolor_v3.1.1",6,48403083,1e+05,"B"
"Sbicolor_v3.1.1",6,52766917,1e+05,"B"
"Sbicolor_v3.1.1",6,59878384,1e+05,"B"
"Sbicolor_v3.1.1",6,60159116,1e+05,"B"
"Sbicolor_v3.1.1",6,60159116,1e+05,"B"
"Sbicolor_v3.1.1",7,4196572,1e+05,"B"
"Sbicolor_v3.1.1",7,4196572,1e+05,"B"
"Sbicolor_v3.1.1",7,5119365,1e+05,"B"
"Sbicolor_v3.1.1",7,5119365,1e+05,"B"
"Sbicolor_v3.1.1",7,6254112,1e+05,"B"
"Sbicolor_v3.1.1",7,8118903,1e+05,"B"
"Sbicolor_v3.1.1",7,8932011,1e+05,"B"
"Sbicolor_v3.1.1",7,63635754,1e+05,"B"
"Sbicolor_v3.1.1",7,63869230,1e+05,"B"
"Sbicolor_v3.1.1",8,4681959,1e+05,"B"
"Sbicolor_v3.1.1",8,51659697,1e+05,"B"
"Sbicolor_v3.1.1",8,55668146,1e+05,"B"
"Sbicolor_v3.1.1",8,59990841,1e+05,"B"
"Sbicolor_v3.1.1",9,7514568,1e+05,"B"
"Sbicolor_v3.1.1",9,9802274,1e+05,"B"
"Sbicolor_v3.1.1",10,1674004,1e+05,"B"
"Sbicolor_v3.1.1",10,1907186,1e+05,"B"
"Sbicolor_v3.1.1",10,2613228,1e+05,"B"
"Sbicolor_v3.1.1",10,2889611,1e+05,"B"
"Sbicolor_v3.1.1",10,9447203,1e+05,"B"
"Sbicolor_v3.1.1",10,57949425,1e+05,"B"
"Sbicolor_v3.1.1",1,6917924,1e+05,"Ca"
"Sbicolor_v3.1.1",1,7109977,1e+05,"Ca"
"Sbicolor_v3.1.1",1,7225953,1e+05,"Ca"
"Sbicolor_v3.1.1",1,7225953,1e+05,"Ca"
"Sbicolor_v3.1.1",1,7225953,1e+05,"Ca"
"Sbicolor_v3.1.1",1,7225953,1e+05,"Ca"
"Sbicolor_v3.1.1",1,7225953,1e+05,"Ca"
"Sbicolor_v3.1.1",1,7999484,1e+05,"Ca"
"Sbicolor_v3.1.1",1,13095746,1e+05,"Ca"
"Sbicolor_v3.1.1",1,13621288,1e+05,"Ca"
"Sbicolor_v3.1.1",1,14392068,1e+05,"Ca"
"Sbicolor_v3.1.1",1,15356964,1e+05,"Ca"
"Sbicolor_v3.1.1",1,19202516,1e+05,"Ca"
"Sbicolor_v3.1.1",1,23892403,1e+05,"Ca"
"Sbicolor_v3.1.1",1,23994406,1e+05,"Ca"
"Sbicolor_v3.1.1",1,26853669,1e+05,"Ca"
"Sbicolor_v3.1.1",1,52255779,1e+05,"Ca"
"Sbicolor_v3.1.1",1,58193460,1e+05,"Ca"
"Sbicolor_v3.1.1",1,58232083,1e+05,"Ca"
"Sbicolor_v3.1.1",1,60005820,1e+05,"Ca"
"Sbicolor_v3.1.1",1,69173673,1e+05,"Ca"
"Sbicolor_v3.1.1",1,79552990,1e+05,"Ca"
"Sbicolor_v3.1.1",2,320346,1e+05,"Ca"
"Sbicolor_v3.1.1",2,3428591,1e+05,"Ca"
"Sbicolor_v3.1.1",2,4085315,1e+05,"Ca"
"Sbicolor_v3.1.1",2,9444315,1e+05,"Ca"
"Sbicolor_v3.1.1",2,9815876,1e+05,"Ca"
"Sbicolor_v3.1.1",2,9815876,1e+05,"Ca"
"Sbicolor_v3.1.1",2,10330955,1e+05,"Ca"
"Sbicolor_v3.1.1",2,16633534,1e+05,"Ca"
"Sbicolor_v3.1.1",2,20128387,1e+05,"Ca"
"Sbicolor_v3.1.1",2,24591501,1e+05,"Ca"
"Sbicolor_v3.1.1",2,60295949,1e+05,"Ca"
"Sbicolor_v3.1.1",2,62746006,1e+05,"Ca"
"Sbicolor_v3.1.1",2,63059844,1e+05,"Ca"
"Sbicolor_v3.1.1",2,63675583,1e+05,"Ca"
"Sbicolor_v3.1.1",2,64610082,1e+05,"Ca"
"Sbicolor_v3.1.1",2,65682442,1e+05,"Ca"
"Sbicolor_v3.1.1",2,70875733,1e+05,"Ca"
"Sbicolor_v3.1.1",2,73257667,1e+05,"Ca"
"Sbicolor_v3.1.1",3,3482375,1e+05,"Ca"
"Sbicolor_v3.1.1",3,8412256,1e+05,"Ca"
"Sbicolor_v3.1.1",3,8592255,1e+05,"Ca"
"Sbicolor_v3.1.1",3,8720351,1e+05,"Ca"
"Sbicolor_v3.1.1",3,9395504,1e+05,"Ca"
"Sbicolor_v3.1.1",3,9395504,1e+05,"Ca"
"Sbicolor_v3.1.1",3,19835352,1e+05,"Ca"
"Sbicolor_v3.1.1",3,20527228,1e+05,"Ca"
"Sbicolor_v3.1.1",3,29719715,1e+05,"Ca"
"Sbicolor_v3.1.1",3,48819421,1e+05,"Ca"
"Sbicolor_v3.1.1",3,54930518,1e+05,"Ca"
"Sbicolor_v3.1.1",3,56070788,1e+05,"Ca"
"Sbicolor_v3.1.1",3,56099908,1e+05,"Ca"
"Sbicolor_v3.1.1",3,56777103,1e+05,"Ca"
"Sbicolor_v3.1.1",3,56777103,1e+05,"Ca"
"Sbicolor_v3.1.1",3,56982962,1e+05,"Ca"
"Sbicolor_v3.1.1",3,56982962,1e+05,"Ca"
"Sbicolor_v3.1.1",3,69970278,1e+05,"Ca"
"Sbicolor_v3.1.1",3,71723291,1e+05,"Ca"
"Sbicolor_v3.1.1",3,72634857,1e+05,"Ca"
"Sbicolor_v3.1.1",4,23269484,1e+05,"Ca"
"Sbicolor_v3.1.1",4,34662264,1e+05,"Ca"
"Sbicolor_v3.1.1",4,40428868,1e+05,"Ca"
"Sbicolor_v3.1.1",4,54015584,1e+05,"Ca"
"Sbicolor_v3.1.1",4,54867475,1e+05,"Ca"
"Sbicolor_v3.1.1",4,56654691,1e+05,"Ca"
"Sbicolor_v3.1.1",4,65084248,1e+05,"Ca"
"Sbicolor_v3.1.1",5,2162034,1e+05,"Ca"
"Sbicolor_v3.1.1",5,2541604,1e+05,"Ca"
"Sbicolor_v3.1.1",5,4062978,1e+05,"Ca"
"Sbicolor_v3.1.1",5,4346275,1e+05,"Ca"
"Sbicolor_v3.1.1",5,5559968,1e+05,"Ca"
"Sbicolor_v3.1.1",5,5559968,1e+05,"Ca"
"Sbicolor_v3.1.1",5,12238381,1e+05,"Ca"
"Sbicolor_v3.1.1",5,15762018,1e+05,"Ca"
"Sbicolor_v3.1.1",5,45568057,1e+05,"Ca"
"Sbicolor_v3.1.1",5,62619395,1e+05,"Ca"
"Sbicolor_v3.1.1",5,63279705,1e+05,"Ca"
"Sbicolor_v3.1.1",5,63279705,1e+05,"Ca"
"Sbicolor_v3.1.1",5,63586567,1e+05,"Ca"
"Sbicolor_v3.1.1",5,66245112,1e+05,"Ca"
"Sbicolor_v3.1.1",5,67064584,1e+05,"Ca"
"Sbicolor_v3.1.1",5,67419542,1e+05,"Ca"
"Sbicolor_v3.1.1",5,69710077,1e+05,"Ca"
"Sbicolor_v3.1.1",6,2928099,1e+05,"Ca"
"Sbicolor_v3.1.1",6,47959857,1e+05,"Ca"
"Sbicolor_v3.1.1",6,47959857,1e+05,"Ca"
"Sbicolor_v3.1.1",6,49107609,1e+05,"Ca"
"Sbicolor_v3.1.1",6,50333927,1e+05,"Ca"
"Sbicolor_v3.1.1",6,52284214,1e+05,"Ca"
"Sbicolor_v3.1.1",6,60172799,1e+05,"Ca"
"Sbicolor_v3.1.1",7,8905187,1e+05,"Ca"
"Sbicolor_v3.1.1",7,54765816,1e+05,"Ca"
"Sbicolor_v3.1.1",8,2050909,1e+05,"Ca"
"Sbicolor_v3.1.1",8,2905173,1e+05,"Ca"
"Sbicolor_v3.1.1",8,49625658,1e+05,"Ca"
"Sbicolor_v3.1.1",8,49770634,1e+05,"Ca"
"Sbicolor_v3.1.1",8,53171003,1e+05,"Ca"
"Sbicolor_v3.1.1",8,58489926,1e+05,"Ca"
"Sbicolor_v3.1.1",9,236314,1e+05,"Ca"
"Sbicolor_v3.1.1",9,391882,1e+05,"Ca"
"Sbicolor_v3.1.1",9,1634470,1e+05,"Ca"
"Sbicolor_v3.1.1",9,2739931,1e+05,"Ca"
"Sbicolor_v3.1.1",9,9873422,1e+05,"Ca"
"Sbicolor_v3.1.1",9,15055706,1e+05,"Ca"
"Sbicolor_v3.1.1",9,15055706,1e+05,"Ca"
"Sbicolor_v3.1.1",9,16770191,1e+05,"Ca"
"Sbicolor_v3.1.1",9,21617378,1e+05,"Ca"
"Sbicolor_v3.1.1",9,39088689,1e+05,"Ca"
"Sbicolor_v3.1.1",9,43445264,1e+05,"Ca"
"Sbicolor_v3.1.1",9,43897018,1e+05,"Ca"
"Sbicolor_v3.1.1",9,50050215,1e+05,"Ca"
"Sbicolor_v3.1.1",9,50596078,1e+05,"Ca"
"Sbicolor_v3.1.1",9,50596104,1e+05,"Ca"
"Sbicolor_v3.1.1",9,56509105,1e+05,"Ca"
"Sbicolor_v3.1.1",9,56797639,1e+05,"Ca"
"Sbicolor_v3.1.1",9,57769916,1e+05,"Ca"
"Sbicolor_v3.1.1",9,57769916,1e+05,"Ca"
"Sbicolor_v3.1.1",10,3728614,1e+05,"Ca"
"Sbicolor_v3.1.1",10,4662347,1e+05,"Ca"
"Sbicolor_v3.1.1",10,7692507,1e+05,"Ca"
"Sbicolor_v3.1.1",10,18054825,1e+05,"Ca"
"Sbicolor_v3.1.1",10,53961062,1e+05,"Ca"
"Sbicolor_v3.1.1",10,56523490,1e+05,"Ca"
"Sbicolor_v3.1.1",10,56989332,1e+05,"Ca"
"Sbicolor_v3.1.1",10,57128992,1e+05,"Ca"
"Sbicolor_v3.1.1",1,1640901,1e+05,"Cd"
"Sbicolor_v3.1.1",1,2584196,1e+05,"Cd"
"Sbicolor_v3.1.1",1,7326720,1e+05,"Cd"
"Sbicolor_v3.1.1",1,8001033,1e+05,"Cd"
"Sbicolor_v3.1.1",1,13455283,1e+05,"Cd"
"Sbicolor_v3.1.1",1,26853669,1e+05,"Cd"
"Sbicolor_v3.1.1",1,54506511,1e+05,"Cd"
"Sbicolor_v3.1.1",1,59790023,1e+05,"Cd"
"Sbicolor_v3.1.1",1,64086234,1e+05,"Cd"
"Sbicolor_v3.1.1",1,64801349,1e+05,"Cd"
"Sbicolor_v3.1.1",1,71686448,1e+05,"Cd"
"Sbicolor_v3.1.1",1,72205632,1e+05,"Cd"
"Sbicolor_v3.1.1",1,74215847,1e+05,"Cd"
"Sbicolor_v3.1.1",1,78291738,1e+05,"Cd"
"Sbicolor_v3.1.1",1,79529375,1e+05,"Cd"
"Sbicolor_v3.1.1",2,905429,1e+05,"Cd"
"Sbicolor_v3.1.1",2,4955008,1e+05,"Cd"
"Sbicolor_v3.1.1",2,7513758,1e+05,"Cd"
"Sbicolor_v3.1.1",2,7876711,1e+05,"Cd"
"Sbicolor_v3.1.1",2,7876711,1e+05,"Cd"
"Sbicolor_v3.1.1",2,8713058,1e+05,"Cd"
"Sbicolor_v3.1.1",2,8713058,1e+05,"Cd"
"Sbicolor_v3.1.1",2,8822459,1e+05,"Cd"
"Sbicolor_v3.1.1",2,8822459,1e+05,"Cd"
"Sbicolor_v3.1.1",2,8853853,1e+05,"Cd"
"Sbicolor_v3.1.1",2,8853853,1e+05,"Cd"
"Sbicolor_v3.1.1",2,8853853,1e+05,"Cd"
"Sbicolor_v3.1.1",2,8871111,1e+05,"Cd"
"Sbicolor_v3.1.1",2,8879057,1e+05,"Cd"
"Sbicolor_v3.1.1",2,9463527,1e+05,"Cd"
"Sbicolor_v3.1.1",2,11273393,1e+05,"Cd"
"Sbicolor_v3.1.1",2,13040225,1e+05,"Cd"
"Sbicolor_v3.1.1",2,16612922,1e+05,"Cd"
"Sbicolor_v3.1.1",2,29493489,1e+05,"Cd"
"Sbicolor_v3.1.1",2,50340426,1e+05,"Cd"
"Sbicolor_v3.1.1",2,69135671,1e+05,"Cd"
"Sbicolor_v3.1.1",2,69595933,1e+05,"Cd"
"Sbicolor_v3.1.1",2,71417778,1e+05,"Cd"
"Sbicolor_v3.1.1",2,72712251,1e+05,"Cd"
"Sbicolor_v3.1.1",2,74148929,1e+05,"Cd"
"Sbicolor_v3.1.1",3,3062421,1e+05,"Cd"
"Sbicolor_v3.1.1",3,57363066,1e+05,"Cd"
"Sbicolor_v3.1.1",3,58247498,1e+05,"Cd"
"Sbicolor_v3.1.1",3,58846980,1e+05,"Cd"
"Sbicolor_v3.1.1",3,59420870,1e+05,"Cd"
"Sbicolor_v3.1.1",3,60431875,1e+05,"Cd"
"Sbicolor_v3.1.1",3,62320220,1e+05,"Cd"
"Sbicolor_v3.1.1",3,64283475,1e+05,"Cd"
"Sbicolor_v3.1.1",3,65354462,1e+05,"Cd"
"Sbicolor_v3.1.1",4,1198822,1e+05,"Cd"
"Sbicolor_v3.1.1",4,7776067,1e+05,"Cd"
"Sbicolor_v3.1.1",4,9933116,1e+05,"Cd"
"Sbicolor_v3.1.1",4,15606925,1e+05,"Cd"
"Sbicolor_v3.1.1",4,16471285,1e+05,"Cd"
"Sbicolor_v3.1.1",4,46657057,1e+05,"Cd"
"Sbicolor_v3.1.1",4,60509695,1e+05,"Cd"
"Sbicolor_v3.1.1",4,63028139,1e+05,"Cd"
"Sbicolor_v3.1.1",5,6525423,1e+05,"Cd"
"Sbicolor_v3.1.1",5,9422820,1e+05,"Cd"
"Sbicolor_v3.1.1",5,9956802,1e+05,"Cd"
"Sbicolor_v3.1.1",5,9956802,1e+05,"Cd"
"Sbicolor_v3.1.1",5,20626231,1e+05,"Cd"
"Sbicolor_v3.1.1",5,20974186,1e+05,"Cd"
"Sbicolor_v3.1.1",5,55624374,1e+05,"Cd"
"Sbicolor_v3.1.1",5,58418925,1e+05,"Cd"
"Sbicolor_v3.1.1",5,59639791,1e+05,"Cd"
"Sbicolor_v3.1.1",5,69568012,1e+05,"Cd"
"Sbicolor_v3.1.1",5,71590997,1e+05,"Cd"
"Sbicolor_v3.1.1",6,5642916,1e+05,"Cd"
"Sbicolor_v3.1.1",6,6472746,1e+05,"Cd"
"Sbicolor_v3.1.1",6,13081438,1e+05,"Cd"
"Sbicolor_v3.1.1",6,40390142,1e+05,"Cd"
"Sbicolor_v3.1.1",6,42051530,1e+05,"Cd"
"Sbicolor_v3.1.1",6,44004667,1e+05,"Cd"
"Sbicolor_v3.1.1",6,45162818,1e+05,"Cd"
"Sbicolor_v3.1.1",6,45671327,1e+05,"Cd"
"Sbicolor_v3.1.1",6,49592480,1e+05,"Cd"
"Sbicolor_v3.1.1",6,54035979,1e+05,"Cd"
"Sbicolor_v3.1.1",6,57571444,1e+05,"Cd"
"Sbicolor_v3.1.1",6,57760732,1e+05,"Cd"
"Sbicolor_v3.1.1",7,1306097,1e+05,"Cd"
"Sbicolor_v3.1.1",7,4723869,1e+05,"Cd"
"Sbicolor_v3.1.1",7,54554660,1e+05,"Cd"
"Sbicolor_v3.1.1",7,55995560,1e+05,"Cd"
"Sbicolor_v3.1.1",7,62232054,1e+05,"Cd"
"Sbicolor_v3.1.1",8,2063535,1e+05,"Cd"
"Sbicolor_v3.1.1",8,2736418,1e+05,"Cd"
"Sbicolor_v3.1.1",8,51322825,1e+05,"Cd"
"Sbicolor_v3.1.1",8,52074309,1e+05,"Cd"
"Sbicolor_v3.1.1",8,53143248,1e+05,"Cd"
"Sbicolor_v3.1.1",9,6260286,1e+05,"Cd"
"Sbicolor_v3.1.1",9,8599356,1e+05,"Cd"
"Sbicolor_v3.1.1",9,11650317,1e+05,"Cd"
"Sbicolor_v3.1.1",9,12573652,1e+05,"Cd"
"Sbicolor_v3.1.1",9,45636979,1e+05,"Cd"
"Sbicolor_v3.1.1",9,48374933,1e+05,"Cd"
"Sbicolor_v3.1.1",9,51523641,1e+05,"Cd"
"Sbicolor_v3.1.1",9,54196361,1e+05,"Cd"
"Sbicolor_v3.1.1",9,56499444,1e+05,"Cd"
"Sbicolor_v3.1.1",9,56499444,1e+05,"Cd"
"Sbicolor_v3.1.1",9,57666338,1e+05,"Cd"
"Sbicolor_v3.1.1",9,57717763,1e+05,"Cd"
"Sbicolor_v3.1.1",9,58174206,1e+05,"Cd"
"Sbicolor_v3.1.1",9,58295230,1e+05,"Cd"
"Sbicolor_v3.1.1",9,58699258,1e+05,"Cd"
"Sbicolor_v3.1.1",10,766283,1e+05,"Cd"
"Sbicolor_v3.1.1",10,10323480,1e+05,"Cd"
"Sbicolor_v3.1.1",10,47235221,1e+05,"Cd"
"Sbicolor_v3.1.1",10,54285336,1e+05,"Cd"
"Sbicolor_v3.1.1",10,54680689,1e+05,"Cd"
"Sbicolor_v3.1.1",10,56476115,1e+05,"Cd"
"Sbicolor_v3.1.1",10,60173653,1e+05,"Cd"
"Sbicolor_v3.1.1",1,10886343,1e+05,"Co"
"Sbicolor_v3.1.1",1,25904824,1e+05,"Co"
"Sbicolor_v3.1.1",1,52350737,1e+05,"Co"
"Sbicolor_v3.1.1",1,53491703,1e+05,"Co"
"Sbicolor_v3.1.1",1,55830705,1e+05,"Co"
"Sbicolor_v3.1.1",1,62103390,1e+05,"Co"
"Sbicolor_v3.1.1",1,71708051,1e+05,"Co"
"Sbicolor_v3.1.1",1,71708051,1e+05,"Co"
"Sbicolor_v3.1.1",1,75518165,1e+05,"Co"
"Sbicolor_v3.1.1",1,78749207,1e+05,"Co"
"Sbicolor_v3.1.1",1,78901850,1e+05,"Co"
"Sbicolor_v3.1.1",1,80030410,1e+05,"Co"
"Sbicolor_v3.1.1",2,4969034,1e+05,"Co"
"Sbicolor_v3.1.1",2,8436718,1e+05,"Co"
"Sbicolor_v3.1.1",2,8436718,1e+05,"Co"
"Sbicolor_v3.1.1",2,8436718,1e+05,"Co"
"Sbicolor_v3.1.1",2,8591199,1e+05,"Co"
"Sbicolor_v3.1.1",2,8591199,1e+05,"Co"
"Sbicolor_v3.1.1",2,8707876,1e+05,"Co"
"Sbicolor_v3.1.1",2,8725735,1e+05,"Co"
"Sbicolor_v3.1.1",2,11784868,1e+05,"Co"
"Sbicolor_v3.1.1",2,21521522,1e+05,"Co"
"Sbicolor_v3.1.1",2,45885907,1e+05,"Co"
"Sbicolor_v3.1.1",2,45885907,1e+05,"Co"
"Sbicolor_v3.1.1",2,51765703,1e+05,"Co"
"Sbicolor_v3.1.1",2,59216297,1e+05,"Co"
"Sbicolor_v3.1.1",2,59320036,1e+05,"Co"
"Sbicolor_v3.1.1",2,61910570,1e+05,"Co"
"Sbicolor_v3.1.1",2,61910570,1e+05,"Co"
"Sbicolor_v3.1.1",2,63287595,1e+05,"Co"
"Sbicolor_v3.1.1",2,64292583,1e+05,"Co"
"Sbicolor_v3.1.1",2,65450868,1e+05,"Co"
"Sbicolor_v3.1.1",2,67873307,1e+05,"Co"
"Sbicolor_v3.1.1",2,70461521,1e+05,"Co"
"Sbicolor_v3.1.1",2,72053405,1e+05,"Co"
"Sbicolor_v3.1.1",3,4750709,1e+05,"Co"
"Sbicolor_v3.1.1",3,4788514,1e+05,"Co"
"Sbicolor_v3.1.1",3,7469338,1e+05,"Co"
"Sbicolor_v3.1.1",3,11739602,1e+05,"Co"
"Sbicolor_v3.1.1",3,12453384,1e+05,"Co"
"Sbicolor_v3.1.1",3,12619687,1e+05,"Co"
"Sbicolor_v3.1.1",3,12889942,1e+05,"Co"
"Sbicolor_v3.1.1",3,13509729,1e+05,"Co"
"Sbicolor_v3.1.1",3,13629168,1e+05,"Co"
"Sbicolor_v3.1.1",3,51166230,1e+05,"Co"
"Sbicolor_v3.1.1",3,51899452,1e+05,"Co"
"Sbicolor_v3.1.1",3,52008100,1e+05,"Co"
"Sbicolor_v3.1.1",3,53901454,1e+05,"Co"
"Sbicolor_v3.1.1",3,57506780,1e+05,"Co"
"Sbicolor_v3.1.1",3,60437377,1e+05,"Co"
"Sbicolor_v3.1.1",3,62067145,1e+05,"Co"
"Sbicolor_v3.1.1",3,62099480,1e+05,"Co"
"Sbicolor_v3.1.1",3,62167443,1e+05,"Co"
"Sbicolor_v3.1.1",3,64282837,1e+05,"Co"
"Sbicolor_v3.1.1",3,67936223,1e+05,"Co"
"Sbicolor_v3.1.1",3,71696499,1e+05,"Co"
"Sbicolor_v3.1.1",4,4066702,1e+05,"Co"
"Sbicolor_v3.1.1",4,6006658,1e+05,"Co"
"Sbicolor_v3.1.1",4,7950023,1e+05,"Co"
"Sbicolor_v3.1.1",4,10138890,1e+05,"Co"
"Sbicolor_v3.1.1",4,13818618,1e+05,"Co"
"Sbicolor_v3.1.1",4,13905349,1e+05,"Co"
"Sbicolor_v3.1.1",4,20627090,1e+05,"Co"
"Sbicolor_v3.1.1",4,50703863,1e+05,"Co"
"Sbicolor_v3.1.1",4,54343601,1e+05,"Co"
"Sbicolor_v3.1.1",4,54343601,1e+05,"Co"
"Sbicolor_v3.1.1",4,62447115,1e+05,"Co"
"Sbicolor_v3.1.1",4,65150631,1e+05,"Co"
"Sbicolor_v3.1.1",4,65811942,1e+05,"Co"
"Sbicolor_v3.1.1",4,65849039,1e+05,"Co"
"Sbicolor_v3.1.1",5,3695296,1e+05,"Co"
"Sbicolor_v3.1.1",5,10759755,1e+05,"Co"
"Sbicolor_v3.1.1",5,51781175,1e+05,"Co"
"Sbicolor_v3.1.1",5,51781175,1e+05,"Co"
"Sbicolor_v3.1.1",5,51808150,1e+05,"Co"
"Sbicolor_v3.1.1",5,54429503,1e+05,"Co"
"Sbicolor_v3.1.1",5,56640866,1e+05,"Co"
"Sbicolor_v3.1.1",5,56640866,1e+05,"Co"
"Sbicolor_v3.1.1",5,64058751,1e+05,"Co"
"Sbicolor_v3.1.1",6,935156,1e+05,"Co"
"Sbicolor_v3.1.1",6,983924,1e+05,"Co"
"Sbicolor_v3.1.1",6,984034,1e+05,"Co"
"Sbicolor_v3.1.1",6,984034,1e+05,"Co"
"Sbicolor_v3.1.1",6,5574713,1e+05,"Co"
"Sbicolor_v3.1.1",6,6658038,1e+05,"Co"
"Sbicolor_v3.1.1",7,13825087,1e+05,"Co"
"Sbicolor_v3.1.1",6,45232864,1e+05,"Co"
"Sbicolor_v3.1.1",6,45670817,1e+05,"Co"
"Sbicolor_v3.1.1",6,47278637,1e+05,"Co"
"Sbicolor_v3.1.1",6,47639064,1e+05,"Co"
"Sbicolor_v3.1.1",6,48730925,1e+05,"Co"
"Sbicolor_v3.1.1",6,56045297,1e+05,"Co"
"Sbicolor_v3.1.1",6,56045297,1e+05,"Co"
"Sbicolor_v3.1.1",6,56277461,1e+05,"Co"
"Sbicolor_v3.1.1",6,58575563,1e+05,"Co"
"Sbicolor_v3.1.1",6,59199444,1e+05,"Co"
"Sbicolor_v3.1.1",7,7825997,1e+05,"Co"
"Sbicolor_v3.1.1",7,12351526,1e+05,"Co"
"Sbicolor_v3.1.1",7,25752320,1e+05,"Co"
"Sbicolor_v3.1.1",7,25752320,1e+05,"Co"
"Sbicolor_v3.1.1",7,52717635,1e+05,"Co"
"Sbicolor_v3.1.1",7,54602523,1e+05,"Co"
"Sbicolor_v3.1.1",7,59023238,1e+05,"Co"
"Sbicolor_v3.1.1",7,59064898,1e+05,"Co"
"Sbicolor_v3.1.1",7,59298818,1e+05,"Co"
"Sbicolor_v3.1.1",7,59535723,1e+05,"Co"
"Sbicolor_v3.1.1",7,60002687,1e+05,"Co"
"Sbicolor_v3.1.1",7,63650220,1e+05,"Co"
"Sbicolor_v3.1.1",7,64056248,1e+05,"Co"
"Sbicolor_v3.1.1",8,2798832,1e+05,"Co"
"Sbicolor_v3.1.1",8,3231971,1e+05,"Co"
"Sbicolor_v3.1.1",8,49897464,1e+05,"Co"
"Sbicolor_v3.1.1",8,50143555,1e+05,"Co"
"Sbicolor_v3.1.1",9,4849607,1e+05,"Co"
"Sbicolor_v3.1.1",9,4849607,1e+05,"Co"
"Sbicolor_v3.1.1",9,5169272,1e+05,"Co"
"Sbicolor_v3.1.1",9,5169272,1e+05,"Co"
"Sbicolor_v3.1.1",9,5171575,1e+05,"Co"
"Sbicolor_v3.1.1",9,5349308,1e+05,"Co"
"Sbicolor_v3.1.1",9,6484245,1e+05,"Co"
"Sbicolor_v3.1.1",9,9947584,1e+05,"Co"
"Sbicolor_v3.1.1",9,45032090,1e+05,"Co"
"Sbicolor_v3.1.1",9,50537512,1e+05,"Co"
"Sbicolor_v3.1.1",9,50851611,1e+05,"Co"
"Sbicolor_v3.1.1",9,55566685,1e+05,"Co"
"Sbicolor_v3.1.1",9,55837459,1e+05,"Co"
"Sbicolor_v3.1.1",9,56899565,1e+05,"Co"
"Sbicolor_v3.1.1",9,58053371,1e+05,"Co"
"Sbicolor_v3.1.1",9,58160745,1e+05,"Co"
"Sbicolor_v3.1.1",9,58736178,1e+05,"Co"
"Sbicolor_v3.1.1",10,1632987,1e+05,"Co"
"Sbicolor_v3.1.1",10,7516004,1e+05,"Co"
"Sbicolor_v3.1.1",10,8132294,1e+05,"Co"
"Sbicolor_v3.1.1",10,8965318,1e+05,"Co"
"Sbicolor_v3.1.1",10,9648539,1e+05,"Co"
"Sbicolor_v3.1.1",10,10690107,1e+05,"Co"
"Sbicolor_v3.1.1",10,39184404,1e+05,"Co"
"Sbicolor_v3.1.1",10,48074268,1e+05,"Co"
"Sbicolor_v3.1.1",10,48905718,1e+05,"Co"
"Sbicolor_v3.1.1",10,55632302,1e+05,"Co"
"Sbicolor_v3.1.1",1,10329952,1e+05,"Cu"
"Sbicolor_v3.1.1",1,57127805,1e+05,"Cu"
"Sbicolor_v3.1.1",1,57681951,1e+05,"Cu"
"Sbicolor_v3.1.1",1,60877379,1e+05,"Cu"
"Sbicolor_v3.1.1",1,62662524,1e+05,"Cu"
"Sbicolor_v3.1.1",1,63253487,1e+05,"Cu"
"Sbicolor_v3.1.1",1,73347445,1e+05,"Cu"
"Sbicolor_v3.1.1",1,73347445,1e+05,"Cu"
"Sbicolor_v3.1.1",1,79216927,1e+05,"Cu"
"Sbicolor_v3.1.1",2,1803086,1e+05,"Cu"
"Sbicolor_v3.1.1",2,1803086,1e+05,"Cu"
"Sbicolor_v3.1.1",2,1997600,1e+05,"Cu"
"Sbicolor_v3.1.1",2,3767129,1e+05,"Cu"
"Sbicolor_v3.1.1",2,4562027,1e+05,"Cu"
"Sbicolor_v3.1.1",2,4616655,1e+05,"Cu"
"Sbicolor_v3.1.1",2,6231515,1e+05,"Cu"
"Sbicolor_v3.1.1",2,6812243,1e+05,"Cu"
"Sbicolor_v3.1.1",2,55778424,1e+05,"Cu"
"Sbicolor_v3.1.1",2,63138818,1e+05,"Cu"
"Sbicolor_v3.1.1",2,65487962,1e+05,"Cu"
"Sbicolor_v3.1.1",2,66708899,1e+05,"Cu"
"Sbicolor_v3.1.1",2,66708899,1e+05,"Cu"
"Sbicolor_v3.1.1",2,67595935,1e+05,"Cu"
"Sbicolor_v3.1.1",2,67595935,1e+05,"Cu"
"Sbicolor_v3.1.1",2,67595935,1e+05,"Cu"
"Sbicolor_v3.1.1",2,67595935,1e+05,"Cu"
"Sbicolor_v3.1.1",2,76796292,1e+05,"Cu"
"Sbicolor_v3.1.1",3,1869771,1e+05,"Cu"
"Sbicolor_v3.1.1",3,1871484,1e+05,"Cu"
"Sbicolor_v3.1.1",3,1871484,1e+05,"Cu"
"Sbicolor_v3.1.1",3,5739217,1e+05,"Cu"
"Sbicolor_v3.1.1",3,6011213,1e+05,"Cu"
"Sbicolor_v3.1.1",3,7134112,1e+05,"Cu"
"Sbicolor_v3.1.1",3,7724311,1e+05,"Cu"
"Sbicolor_v3.1.1",3,8407779,1e+05,"Cu"
"Sbicolor_v3.1.1",3,12856561,1e+05,"Cu"
"Sbicolor_v3.1.1",3,23360674,1e+05,"Cu"
"Sbicolor_v3.1.1",3,41393263,1e+05,"Cu"
"Sbicolor_v3.1.1",3,41393263,1e+05,"Cu"
"Sbicolor_v3.1.1",3,54119572,1e+05,"Cu"
"Sbicolor_v3.1.1",3,56114184,1e+05,"Cu"
"Sbicolor_v3.1.1",3,56114184,1e+05,"Cu"
"Sbicolor_v3.1.1",3,57856052,1e+05,"Cu"
"Sbicolor_v3.1.1",3,58322108,1e+05,"Cu"
"Sbicolor_v3.1.1",3,59662427,1e+05,"Cu"
"Sbicolor_v3.1.1",3,70111887,1e+05,"Cu"
"Sbicolor_v3.1.1",3,72517623,1e+05,"Cu"
"Sbicolor_v3.1.1",4,2395992,1e+05,"Cu"
"Sbicolor_v3.1.1",4,2395992,1e+05,"Cu"
"Sbicolor_v3.1.1",4,2395992,1e+05,"Cu"
"Sbicolor_v3.1.1",4,5785838,1e+05,"Cu"
"Sbicolor_v3.1.1",4,5850322,1e+05,"Cu"
"Sbicolor_v3.1.1",4,36035200,1e+05,"Cu"
"Sbicolor_v3.1.1",4,36035200,1e+05,"Cu"
"Sbicolor_v3.1.1",4,38574437,1e+05,"Cu"
"Sbicolor_v3.1.1",4,39272661,1e+05,"Cu"
"Sbicolor_v3.1.1",4,39272661,1e+05,"Cu"
"Sbicolor_v3.1.1",4,39272661,1e+05,"Cu"
"Sbicolor_v3.1.1",4,54046891,1e+05,"Cu"
"Sbicolor_v3.1.1",4,64542966,1e+05,"Cu"
"Sbicolor_v3.1.1",5,10555639,1e+05,"Cu"
"Sbicolor_v3.1.1",5,45459841,1e+05,"Cu"
"Sbicolor_v3.1.1",5,53304426,1e+05,"Cu"
"Sbicolor_v3.1.1",5,53735152,1e+05,"Cu"
"Sbicolor_v3.1.1",5,58476803,1e+05,"Cu"
"Sbicolor_v3.1.1",5,69905125,1e+05,"Cu"
"Sbicolor_v3.1.1",5,70680661,1e+05,"Cu"
"Sbicolor_v3.1.1",6,3554757,1e+05,"Cu"
"Sbicolor_v3.1.1",6,4375673,1e+05,"Cu"
"Sbicolor_v3.1.1",6,16952407,1e+05,"Cu"
"Sbicolor_v3.1.1",6,38843776,1e+05,"Cu"
"Sbicolor_v3.1.1",6,49157303,1e+05,"Cu"
"Sbicolor_v3.1.1",6,55184764,1e+05,"Cu"
"Sbicolor_v3.1.1",6,56592529,1e+05,"Cu"
"Sbicolor_v3.1.1",6,58808553,1e+05,"Cu"
"Sbicolor_v3.1.1",6,58808553,1e+05,"Cu"
"Sbicolor_v3.1.1",6,58808553,1e+05,"Cu"
"Sbicolor_v3.1.1",6,59349935,1e+05,"Cu"
"Sbicolor_v3.1.1",7,2065053,1e+05,"Cu"
"Sbicolor_v3.1.1",7,2065053,1e+05,"Cu"
"Sbicolor_v3.1.1",7,2793143,1e+05,"Cu"
"Sbicolor_v3.1.1",7,6774019,1e+05,"Cu"
"Sbicolor_v3.1.1",8,2051155,1e+05,"Cu"
"Sbicolor_v3.1.1",8,14767532,1e+05,"Cu"
"Sbicolor_v3.1.1",8,46059917,1e+05,"Cu"
"Sbicolor_v3.1.1",8,56604812,1e+05,"Cu"
"Sbicolor_v3.1.1",8,56929973,1e+05,"Cu"
"Sbicolor_v3.1.1",8,60749852,1e+05,"Cu"
"Sbicolor_v3.1.1",8,60749852,1e+05,"Cu"
"Sbicolor_v3.1.1",9,1609915,1e+05,"Cu"
"Sbicolor_v3.1.1",9,1978203,1e+05,"Cu"
"Sbicolor_v3.1.1",9,3090934,1e+05,"Cu"
"Sbicolor_v3.1.1",9,4864909,1e+05,"Cu"
"Sbicolor_v3.1.1",9,11647429,1e+05,"Cu"
"Sbicolor_v3.1.1",9,40068567,1e+05,"Cu"
"Sbicolor_v3.1.1",9,50531575,1e+05,"Cu"
"Sbicolor_v3.1.1",9,54908187,1e+05,"Cu"
"Sbicolor_v3.1.1",9,56472283,1e+05,"Cu"
"Sbicolor_v3.1.1",9,58202784,1e+05,"Cu"
"Sbicolor_v3.1.1",10,3408214,1e+05,"Cu"
"Sbicolor_v3.1.1",10,4069165,1e+05,"Cu"
"Sbicolor_v3.1.1",10,4475602,1e+05,"Cu"
"Sbicolor_v3.1.1",10,8742672,1e+05,"Cu"
"Sbicolor_v3.1.1",10,52123646,1e+05,"Cu"
"Sbicolor_v3.1.1",10,52138170,1e+05,"Cu"
"Sbicolor_v3.1.1",10,52199666,1e+05,"Cu"
"Sbicolor_v3.1.1",1,896456,1e+05,"Fe"
"Sbicolor_v3.1.1",1,1971773,1e+05,"Fe"
"Sbicolor_v3.1.1",1,3733600,1e+05,"Fe"
"Sbicolor_v3.1.1",1,6710943,1e+05,"Fe"
"Sbicolor_v3.1.1",1,10202750,1e+05,"Fe"
"Sbicolor_v3.1.1",1,12747807,1e+05,"Fe"
"Sbicolor_v3.1.1",1,13455283,1e+05,"Fe"
"Sbicolor_v3.1.1",1,16958061,1e+05,"Fe"
"Sbicolor_v3.1.1",1,17106143,1e+05,"Fe"
"Sbicolor_v3.1.1",1,18354475,1e+05,"Fe"
"Sbicolor_v3.1.1",1,19407750,1e+05,"Fe"
"Sbicolor_v3.1.1",1,19687562,1e+05,"Fe"
"Sbicolor_v3.1.1",1,19687562,1e+05,"Fe"
"Sbicolor_v3.1.1",1,19687562,1e+05,"Fe"
"Sbicolor_v3.1.1",1,22929656,1e+05,"Fe"
"Sbicolor_v3.1.1",1,22929656,1e+05,"Fe"
"Sbicolor_v3.1.1",1,26238605,1e+05,"Fe"
"Sbicolor_v3.1.1",1,29783308,1e+05,"Fe"
"Sbicolor_v3.1.1",1,49055420,1e+05,"Fe"
"Sbicolor_v3.1.1",1,49739871,1e+05,"Fe"
"Sbicolor_v3.1.1",1,49964354,1e+05,"Fe"
"Sbicolor_v3.1.1",1,49964354,1e+05,"Fe"
"Sbicolor_v3.1.1",1,49964354,1e+05,"Fe"
"Sbicolor_v3.1.1",1,51495650,1e+05,"Fe"
"Sbicolor_v3.1.1",1,52916503,1e+05,"Fe"
"Sbicolor_v3.1.1",1,53480678,1e+05,"Fe"
"Sbicolor_v3.1.1",1,58727365,1e+05,"Fe"
"Sbicolor_v3.1.1",1,62623894,1e+05,"Fe"
"Sbicolor_v3.1.1",1,62992453,1e+05,"Fe"
"Sbicolor_v3.1.1",1,63852610,1e+05,"Fe"
"Sbicolor_v3.1.1",1,64167200,1e+05,"Fe"
"Sbicolor_v3.1.1",1,65740630,1e+05,"Fe"
"Sbicolor_v3.1.1",1,66719325,1e+05,"Fe"
"Sbicolor_v3.1.1",1,68804946,1e+05,"Fe"
"Sbicolor_v3.1.1",1,70223610,1e+05,"Fe"
"Sbicolor_v3.1.1",1,72500612,1e+05,"Fe"
"Sbicolor_v3.1.1",1,73477912,1e+05,"Fe"
"Sbicolor_v3.1.1",1,74108116,1e+05,"Fe"
"Sbicolor_v3.1.1",1,74411006,1e+05,"Fe"
"Sbicolor_v3.1.1",1,75416740,1e+05,"Fe"
"Sbicolor_v3.1.1",1,77870608,1e+05,"Fe"
"Sbicolor_v3.1.1",2,383050,1e+05,"Fe"
"Sbicolor_v3.1.1",2,2757617,1e+05,"Fe"
"Sbicolor_v3.1.1",2,3053281,1e+05,"Fe"
"Sbicolor_v3.1.1",2,3478795,1e+05,"Fe"
"Sbicolor_v3.1.1",2,3929673,1e+05,"Fe"
"Sbicolor_v3.1.1",2,4431099,1e+05,"Fe"
"Sbicolor_v3.1.1",2,4431099,1e+05,"Fe"
"Sbicolor_v3.1.1",2,6218353,1e+05,"Fe"
"Sbicolor_v3.1.1",2,6543434,1e+05,"Fe"
"Sbicolor_v3.1.1",2,8093479,1e+05,"Fe"
"Sbicolor_v3.1.1",2,10541892,1e+05,"Fe"
"Sbicolor_v3.1.1",2,56538536,1e+05,"Fe"
"Sbicolor_v3.1.1",2,56870832,1e+05,"Fe"
"Sbicolor_v3.1.1",2,57728171,1e+05,"Fe"
"Sbicolor_v3.1.1",2,59972370,1e+05,"Fe"
"Sbicolor_v3.1.1",2,61114301,1e+05,"Fe"
"Sbicolor_v3.1.1",2,61138607,1e+05,"Fe"
"Sbicolor_v3.1.1",2,61910312,1e+05,"Fe"
"Sbicolor_v3.1.1",2,61933842,1e+05,"Fe"
"Sbicolor_v3.1.1",2,62853905,1e+05,"Fe"
"Sbicolor_v3.1.1",2,62898957,1e+05,"Fe"
"Sbicolor_v3.1.1",2,65605703,1e+05,"Fe"
"Sbicolor_v3.1.1",2,68325449,1e+05,"Fe"
"Sbicolor_v3.1.1",2,68850960,1e+05,"Fe"
"Sbicolor_v3.1.1",2,70458981,1e+05,"Fe"
"Sbicolor_v3.1.1",2,72638147,1e+05,"Fe"
"Sbicolor_v3.1.1",2,73739778,1e+05,"Fe"
"Sbicolor_v3.1.1",2,75217695,1e+05,"Fe"
"Sbicolor_v3.1.1",2,75792232,1e+05,"Fe"
"Sbicolor_v3.1.1",2,76452094,1e+05,"Fe"
"Sbicolor_v3.1.1",3,1784885,1e+05,"Fe"
"Sbicolor_v3.1.1",3,1692372,1e+05,"Fe"
"Sbicolor_v3.1.1",3,2963152,1e+05,"Fe"
"Sbicolor_v3.1.1",3,5202296,1e+05,"Fe"
"Sbicolor_v3.1.1",3,8577997,1e+05,"Fe"
"Sbicolor_v3.1.1",3,8782176,1e+05,"Fe"
"Sbicolor_v3.1.1",3,9722025,1e+05,"Fe"
"Sbicolor_v3.1.1",3,9722179,1e+05,"Fe"
"Sbicolor_v3.1.1",3,10600837,1e+05,"Fe"
"Sbicolor_v3.1.1",3,12065833,1e+05,"Fe"
"Sbicolor_v3.1.1",3,12462495,1e+05,"Fe"
"Sbicolor_v3.1.1",3,16333632,1e+05,"Fe"
"Sbicolor_v3.1.1",3,29158583,1e+05,"Fe"
"Sbicolor_v3.1.1",3,51150657,1e+05,"Fe"
"Sbicolor_v3.1.1",3,51157693,1e+05,"Fe"
"Sbicolor_v3.1.1",3,51536454,1e+05,"Fe"
"Sbicolor_v3.1.1",3,51906296,1e+05,"Fe"
"Sbicolor_v3.1.1",3,52478865,1e+05,"Fe"
"Sbicolor_v3.1.1",3,53503446,1e+05,"Fe"
"Sbicolor_v3.1.1",3,53551026,1e+05,"Fe"
"Sbicolor_v3.1.1",3,57210598,1e+05,"Fe"
"Sbicolor_v3.1.1",3,57959118,1e+05,"Fe"
"Sbicolor_v3.1.1",3,59846640,1e+05,"Fe"
"Sbicolor_v3.1.1",3,60529278,1e+05,"Fe"
"Sbicolor_v3.1.1",3,62493603,1e+05,"Fe"
"Sbicolor_v3.1.1",3,64460184,1e+05,"Fe"
"Sbicolor_v3.1.1",3,66106021,1e+05,"Fe"
"Sbicolor_v3.1.1",3,67198384,1e+05,"Fe"
"Sbicolor_v3.1.1",3,68768065,1e+05,"Fe"
"Sbicolor_v3.1.1",3,69651554,1e+05,"Fe"
"Sbicolor_v3.1.1",3,70018725,1e+05,"Fe"
"Sbicolor_v3.1.1",3,71749317,1e+05,"Fe"
"Sbicolor_v3.1.1",3,72310520,1e+05,"Fe"
"Sbicolor_v3.1.1",3,72310647,1e+05,"Fe"
"Sbicolor_v3.1.1",4,950061,1e+05,"Fe"
"Sbicolor_v3.1.1",4,1470760,1e+05,"Fe"
"Sbicolor_v3.1.1",4,3650475,1e+05,"Fe"
"Sbicolor_v3.1.1",4,3682668,1e+05,"Fe"
"Sbicolor_v3.1.1",4,4754708,1e+05,"Fe"
"Sbicolor_v3.1.1",4,5888419,1e+05,"Fe"
"Sbicolor_v3.1.1",4,5888419,1e+05,"Fe"
"Sbicolor_v3.1.1",4,5888419,1e+05,"Fe"
"Sbicolor_v3.1.1",4,6371297,1e+05,"Fe"
"Sbicolor_v3.1.1",4,6371297,1e+05,"Fe"
"Sbicolor_v3.1.1",4,7922554,1e+05,"Fe"
"Sbicolor_v3.1.1",4,8155704,1e+05,"Fe"
"Sbicolor_v3.1.1",4,13871459,1e+05,"Fe"
"Sbicolor_v3.1.1",4,14594147,1e+05,"Fe"
"Sbicolor_v3.1.1",4,20576910,1e+05,"Fe"
"Sbicolor_v3.1.1",4,23656623,1e+05,"Fe"
"Sbicolor_v3.1.1",4,27309051,1e+05,"Fe"
"Sbicolor_v3.1.1",4,36035200,1e+05,"Fe"
"Sbicolor_v3.1.1",4,45305642,1e+05,"Fe"
"Sbicolor_v3.1.1",4,47256767,1e+05,"Fe"
"Sbicolor_v3.1.1",4,48631186,1e+05,"Fe"
"Sbicolor_v3.1.1",4,51653333,1e+05,"Fe"
"Sbicolor_v3.1.1",4,56615515,1e+05,"Fe"
"Sbicolor_v3.1.1",4,61735463,1e+05,"Fe"
"Sbicolor_v3.1.1",4,62079392,1e+05,"Fe"
"Sbicolor_v3.1.1",4,63005234,1e+05,"Fe"
"Sbicolor_v3.1.1",4,63590117,1e+05,"Fe"
"Sbicolor_v3.1.1",4,63655922,1e+05,"Fe"
"Sbicolor_v3.1.1",4,66306775,1e+05,"Fe"
"Sbicolor_v3.1.1",4,66657253,1e+05,"Fe"
"Sbicolor_v3.1.1",4,67665546,1e+05,"Fe"
"Sbicolor_v3.1.1",5,333639,1e+05,"Fe"
"Sbicolor_v3.1.1",5,2693239,1e+05,"Fe"
"Sbicolor_v3.1.1",5,5295324,1e+05,"Fe"
"Sbicolor_v3.1.1",5,5581880,1e+05,"Fe"
"Sbicolor_v3.1.1",5,9592528,1e+05,"Fe"
"Sbicolor_v3.1.1",5,10196313,1e+05,"Fe"
"Sbicolor_v3.1.1",5,12029337,1e+05,"Fe"
"Sbicolor_v3.1.1",5,12954360,1e+05,"Fe"
"Sbicolor_v3.1.1",5,52015510,1e+05,"Fe"
"Sbicolor_v3.1.1",5,52840771,1e+05,"Fe"
"Sbicolor_v3.1.1",5,55248840,1e+05,"Fe"
"Sbicolor_v3.1.1",5,60556461,1e+05,"Fe"
"Sbicolor_v3.1.1",5,60556461,1e+05,"Fe"
"Sbicolor_v3.1.1",5,61851015,1e+05,"Fe"
"Sbicolor_v3.1.1",5,65028927,1e+05,"Fe"
"Sbicolor_v3.1.1",5,65091804,1e+05,"Fe"
"Sbicolor_v3.1.1",5,68337670,1e+05,"Fe"
"Sbicolor_v3.1.1",5,68524130,1e+05,"Fe"
"Sbicolor_v3.1.1",5,69509005,1e+05,"Fe"
"Sbicolor_v3.1.1",5,69851291,1e+05,"Fe"
"Sbicolor_v3.1.1",6,1609151,1e+05,"Fe"
"Sbicolor_v3.1.1",6,2599326,1e+05,"Fe"
"Sbicolor_v3.1.1",6,3443348,1e+05,"Fe"
"Sbicolor_v3.1.1",6,5984260,1e+05,"Fe"
"Sbicolor_v3.1.1",6,12855776,1e+05,"Fe"
"Sbicolor_v3.1.1",6,13237086,1e+05,"Fe"
"Sbicolor_v3.1.1",6,33745526,1e+05,"Fe"
"Sbicolor_v3.1.1",6,38118782,1e+05,"Fe"
"Sbicolor_v3.1.1",7,13224400,1e+05,"Fe"
"Sbicolor_v3.1.1",6,43971337,1e+05,"Fe"
"Sbicolor_v3.1.1",6,47571364,1e+05,"Fe"
"Sbicolor_v3.1.1",6,49427554,1e+05,"Fe"
"Sbicolor_v3.1.1",6,50384753,1e+05,"Fe"
"Sbicolor_v3.1.1",6,52794086,1e+05,"Fe"
"Sbicolor_v3.1.1",6,53339114,1e+05,"Fe"
"Sbicolor_v3.1.1",6,55359867,1e+05,"Fe"
"Sbicolor_v3.1.1",6,55359867,1e+05,"Fe"
"Sbicolor_v3.1.1",6,57710320,1e+05,"Fe"
"Sbicolor_v3.1.1",6,57760732,1e+05,"Fe"
"Sbicolor_v3.1.1",6,57760732,1e+05,"Fe"
"Sbicolor_v3.1.1",6,57760732,1e+05,"Fe"
"Sbicolor_v3.1.1",6,57883365,1e+05,"Fe"
"Sbicolor_v3.1.1",6,58551686,1e+05,"Fe"
"Sbicolor_v3.1.1",6,58674033,1e+05,"Fe"
"Sbicolor_v3.1.1",6,60029740,1e+05,"Fe"
"Sbicolor_v3.1.1",6,60618064,1e+05,"Fe"
"Sbicolor_v3.1.1",7,858256,1e+05,"Fe"
"Sbicolor_v3.1.1",7,2100766,1e+05,"Fe"
"Sbicolor_v3.1.1",7,3040003,1e+05,"Fe"
"Sbicolor_v3.1.1",7,3584793,1e+05,"Fe"
"Sbicolor_v3.1.1",7,5819397,1e+05,"Fe"
"Sbicolor_v3.1.1",7,12975628,1e+05,"Fe"
"Sbicolor_v3.1.1",7,55644627,1e+05,"Fe"
"Sbicolor_v3.1.1",7,57239996,1e+05,"Fe"
"Sbicolor_v3.1.1",7,57804818,1e+05,"Fe"
"Sbicolor_v3.1.1",7,57893051,1e+05,"Fe"
"Sbicolor_v3.1.1",7,58851724,1e+05,"Fe"
"Sbicolor_v3.1.1",7,61478774,1e+05,"Fe"
"Sbicolor_v3.1.1",7,65417131,1e+05,"Fe"
"Sbicolor_v3.1.1",8,1199536,1e+05,"Fe"
"Sbicolor_v3.1.1",8,2051155,1e+05,"Fe"
"Sbicolor_v3.1.1",8,2884925,1e+05,"Fe"
"Sbicolor_v3.1.1",8,5070096,1e+05,"Fe"
"Sbicolor_v3.1.1",8,6997191,1e+05,"Fe"
"Sbicolor_v3.1.1",8,7569885,1e+05,"Fe"
"Sbicolor_v3.1.1",8,34912111,1e+05,"Fe"
"Sbicolor_v3.1.1",8,49124295,1e+05,"Fe"
"Sbicolor_v3.1.1",8,52976101,1e+05,"Fe"
"Sbicolor_v3.1.1",8,56334793,1e+05,"Fe"
"Sbicolor_v3.1.1",8,56504618,1e+05,"Fe"
"Sbicolor_v3.1.1",8,56686324,1e+05,"Fe"
"Sbicolor_v3.1.1",8,56929973,1e+05,"Fe"
"Sbicolor_v3.1.1",8,59365681,1e+05,"Fe"
"Sbicolor_v3.1.1",8,61183627,1e+05,"Fe"
"Sbicolor_v3.1.1",9,1455579,1e+05,"Fe"
"Sbicolor_v3.1.1",9,2443687,1e+05,"Fe"
"Sbicolor_v3.1.1",9,2669084,1e+05,"Fe"
"Sbicolor_v3.1.1",9,2984504,1e+05,"Fe"
"Sbicolor_v3.1.1",9,3354186,1e+05,"Fe"
"Sbicolor_v3.1.1",9,3817666,1e+05,"Fe"
"Sbicolor_v3.1.1",9,4863229,1e+05,"Fe"
"Sbicolor_v3.1.1",9,5273098,1e+05,"Fe"
"Sbicolor_v3.1.1",9,5880004,1e+05,"Fe"
"Sbicolor_v3.1.1",9,8037939,1e+05,"Fe"
"Sbicolor_v3.1.1",9,23900634,1e+05,"Fe"
"Sbicolor_v3.1.1",9,48234032,1e+05,"Fe"
"Sbicolor_v3.1.1",9,50616494,1e+05,"Fe"
"Sbicolor_v3.1.1",9,50616494,1e+05,"Fe"
"Sbicolor_v3.1.1",9,50819540,1e+05,"Fe"
"Sbicolor_v3.1.1",9,51485059,1e+05,"Fe"
"Sbicolor_v3.1.1",9,52079065,1e+05,"Fe"
"Sbicolor_v3.1.1",9,53230259,1e+05,"Fe"
"Sbicolor_v3.1.1",9,54155511,1e+05,"Fe"
"Sbicolor_v3.1.1",9,54274879,1e+05,"Fe"
"Sbicolor_v3.1.1",9,54486193,1e+05,"Fe"
"Sbicolor_v3.1.1",9,54882357,1e+05,"Fe"
"Sbicolor_v3.1.1",9,55527617,1e+05,"Fe"
"Sbicolor_v3.1.1",9,56440227,1e+05,"Fe"
"Sbicolor_v3.1.1",9,57811310,1e+05,"Fe"
"Sbicolor_v3.1.1",10,2451487,1e+05,"Fe"
"Sbicolor_v3.1.1",10,7026933,1e+05,"Fe"
"Sbicolor_v3.1.1",10,11113367,1e+05,"Fe"
"Sbicolor_v3.1.1",10,11221362,1e+05,"Fe"
"Sbicolor_v3.1.1",10,46045563,1e+05,"Fe"
"Sbicolor_v3.1.1",10,46380434,1e+05,"Fe"
"Sbicolor_v3.1.1",10,47067831,1e+05,"Fe"
"Sbicolor_v3.1.1",10,47067831,1e+05,"Fe"
"Sbicolor_v3.1.1",10,47067866,1e+05,"Fe"
"Sbicolor_v3.1.1",10,47070912,1e+05,"Fe"
"Sbicolor_v3.1.1",10,49678427,1e+05,"Fe"
"Sbicolor_v3.1.1",10,55397545,1e+05,"Fe"
"Sbicolor_v3.1.1",10,56903067,1e+05,"Fe"
"Sbicolor_v3.1.1",1,5572779,1e+05,"K"
"Sbicolor_v3.1.1",1,5572779,1e+05,"K"
"Sbicolor_v3.1.1",1,8442175,1e+05,"K"
"Sbicolor_v3.1.1",1,9323967,1e+05,"K"
"Sbicolor_v3.1.1",1,11379323,1e+05,"K"
"Sbicolor_v3.1.1",1,67928656,1e+05,"K"
"Sbicolor_v3.1.1",1,77111059,1e+05,"K"
"Sbicolor_v3.1.1",1,78510453,1e+05,"K"
"Sbicolor_v3.1.1",2,8531522,1e+05,"K"
"Sbicolor_v3.1.1",2,15138116,1e+05,"K"
"Sbicolor_v3.1.1",2,20215409,1e+05,"K"
"Sbicolor_v3.1.1",2,23438589,1e+05,"K"
"Sbicolor_v3.1.1",2,32905298,1e+05,"K"
"Sbicolor_v3.1.1",2,50018400,1e+05,"K"
"Sbicolor_v3.1.1",2,55733206,1e+05,"K"
"Sbicolor_v3.1.1",2,61060068,1e+05,"K"
"Sbicolor_v3.1.1",2,62881007,1e+05,"K"
"Sbicolor_v3.1.1",2,72237903,1e+05,"K"
"Sbicolor_v3.1.1",2,72984208,1e+05,"K"
"Sbicolor_v3.1.1",2,73556648,1e+05,"K"
"Sbicolor_v3.1.1",3,7339676,1e+05,"K"
"Sbicolor_v3.1.1",3,10175054,1e+05,"K"
"Sbicolor_v3.1.1",3,11611309,1e+05,"K"
"Sbicolor_v3.1.1",3,13099574,1e+05,"K"
"Sbicolor_v3.1.1",3,19997010,1e+05,"K"
"Sbicolor_v3.1.1",3,34484922,1e+05,"K"
"Sbicolor_v3.1.1",3,40551784,1e+05,"K"
"Sbicolor_v3.1.1",3,52292358,1e+05,"K"
"Sbicolor_v3.1.1",3,62292389,1e+05,"K"
"Sbicolor_v3.1.1",3,63632407,1e+05,"K"
"Sbicolor_v3.1.1",3,69977729,1e+05,"K"
"Sbicolor_v3.1.1",3,69988007,1e+05,"K"
"Sbicolor_v3.1.1",4,2090481,1e+05,"K"
"Sbicolor_v3.1.1",4,3813732,1e+05,"K"
"Sbicolor_v3.1.1",4,7147124,1e+05,"K"
"Sbicolor_v3.1.1",4,7147124,1e+05,"K"
"Sbicolor_v3.1.1",4,10036178,1e+05,"K"
"Sbicolor_v3.1.1",4,14702735,1e+05,"K"
"Sbicolor_v3.1.1",4,21871457,1e+05,"K"
"Sbicolor_v3.1.1",4,49059786,1e+05,"K"
"Sbicolor_v3.1.1",4,52735021,1e+05,"K"
"Sbicolor_v3.1.1",4,55414783,1e+05,"K"
"Sbicolor_v3.1.1",4,56143625,1e+05,"K"
"Sbicolor_v3.1.1",4,56147391,1e+05,"K"
"Sbicolor_v3.1.1",4,56399955,1e+05,"K"
"Sbicolor_v3.1.1",4,57431586,1e+05,"K"
"Sbicolor_v3.1.1",4,57456389,1e+05,"K"
"Sbicolor_v3.1.1",4,58890862,1e+05,"K"
"Sbicolor_v3.1.1",5,3074478,1e+05,"K"
"Sbicolor_v3.1.1",5,4000784,1e+05,"K"
"Sbicolor_v3.1.1",5,4455016,1e+05,"K"
"Sbicolor_v3.1.1",5,4698419,1e+05,"K"
"Sbicolor_v3.1.1",5,11064119,1e+05,"K"
"Sbicolor_v3.1.1",5,35440730,1e+05,"K"
"Sbicolor_v3.1.1",5,50966549,1e+05,"K"
"Sbicolor_v3.1.1",5,63275262,1e+05,"K"
"Sbicolor_v3.1.1",5,65781934,1e+05,"K"
"Sbicolor_v3.1.1",5,71209857,1e+05,"K"
"Sbicolor_v3.1.1",6,3245981,1e+05,"K"
"Sbicolor_v3.1.1",6,43877647,1e+05,"K"
"Sbicolor_v3.1.1",6,44790458,1e+05,"K"
"Sbicolor_v3.1.1",6,45068674,1e+05,"K"
"Sbicolor_v3.1.1",6,45068674,1e+05,"K"
"Sbicolor_v3.1.1",6,45068674,1e+05,"K"
"Sbicolor_v3.1.1",6,45160727,1e+05,"K"
"Sbicolor_v3.1.1",6,45232864,1e+05,"K"
"Sbicolor_v3.1.1",6,49803062,1e+05,"K"
"Sbicolor_v3.1.1",6,57355137,1e+05,"K"
"Sbicolor_v3.1.1",6,57355137,1e+05,"K"
"Sbicolor_v3.1.1",6,57553071,1e+05,"K"
"Sbicolor_v3.1.1",6,57571444,1e+05,"K"
"Sbicolor_v3.1.1",6,57571444,1e+05,"K"
"Sbicolor_v3.1.1",6,60236335,1e+05,"K"
"Sbicolor_v3.1.1",6,60236335,1e+05,"K"
"Sbicolor_v3.1.1",7,5633453,1e+05,"K"
"Sbicolor_v3.1.1",7,25752320,1e+05,"K"
"Sbicolor_v3.1.1",7,58198808,1e+05,"K"
"Sbicolor_v3.1.1",7,63093437,1e+05,"K"
"Sbicolor_v3.1.1",7,64309568,1e+05,"K"
"Sbicolor_v3.1.1",8,47016030,1e+05,"K"
"Sbicolor_v3.1.1",8,60343755,1e+05,"K"
"Sbicolor_v3.1.1",9,1455579,1e+05,"K"
"Sbicolor_v3.1.1",9,11759113,1e+05,"K"
"Sbicolor_v3.1.1",9,15257562,1e+05,"K"
"Sbicolor_v3.1.1",9,16770191,1e+05,"K"
"Sbicolor_v3.1.1",9,43337131,1e+05,"K"
"Sbicolor_v3.1.1",9,43360498,1e+05,"K"
"Sbicolor_v3.1.1",9,44665983,1e+05,"K"
"Sbicolor_v3.1.1",9,50130938,1e+05,"K"
"Sbicolor_v3.1.1",9,50130938,1e+05,"K"
"Sbicolor_v3.1.1",9,52962945,1e+05,"K"
"Sbicolor_v3.1.1",9,54155511,1e+05,"K"
"Sbicolor_v3.1.1",9,54743601,1e+05,"K"
"Sbicolor_v3.1.1",9,55154451,1e+05,"K"
"Sbicolor_v3.1.1",9,58539179,1e+05,"K"
"Sbicolor_v3.1.1",9,59169390,1e+05,"K"
"Sbicolor_v3.1.1",10,954184,1e+05,"K"
"Sbicolor_v3.1.1",10,981905,1e+05,"K"
"Sbicolor_v3.1.1",10,981905,1e+05,"K"
"Sbicolor_v3.1.1",10,2710993,1e+05,"K"
"Sbicolor_v3.1.1",10,7086662,1e+05,"K"
"Sbicolor_v3.1.1",10,7086662,1e+05,"K"
"Sbicolor_v3.1.1",10,9280611,1e+05,"K"
"Sbicolor_v3.1.1",10,11129741,1e+05,"K"
"Sbicolor_v3.1.1",10,11129741,1e+05,"K"
"Sbicolor_v3.1.1",10,11597337,1e+05,"K"
"Sbicolor_v3.1.1",10,14636361,1e+05,"K"
"Sbicolor_v3.1.1",10,15823217,1e+05,"K"
"Sbicolor_v3.1.1",10,43591034,1e+05,"K"
"Sbicolor_v3.1.1",10,54249764,1e+05,"K"
"Sbicolor_v3.1.1",10,57949425,1e+05,"K"
"Sbicolor_v3.1.1",10,58983692,1e+05,"K"
"Sbicolor_v3.1.1",10,60513645,1e+05,"K"
"Sbicolor_v3.1.1",1,2279889,1e+05,"Mg"
"Sbicolor_v3.1.1",1,2617381,1e+05,"Mg"
"Sbicolor_v3.1.1",1,2860320,1e+05,"Mg"
"Sbicolor_v3.1.1",1,3499823,1e+05,"Mg"
"Sbicolor_v3.1.1",1,4054362,1e+05,"Mg"
"Sbicolor_v3.1.1",1,6740147,1e+05,"Mg"
"Sbicolor_v3.1.1",1,7844179,1e+05,"Mg"
"Sbicolor_v3.1.1",1,8405401,1e+05,"Mg"
"Sbicolor_v3.1.1",1,11674487,1e+05,"Mg"
"Sbicolor_v3.1.1",1,13157992,1e+05,"Mg"
"Sbicolor_v3.1.1",1,15386539,1e+05,"Mg"
"Sbicolor_v3.1.1",1,18156709,1e+05,"Mg"
"Sbicolor_v3.1.1",1,25459888,1e+05,"Mg"
"Sbicolor_v3.1.1",1,25520398,1e+05,"Mg"
"Sbicolor_v3.1.1",1,28070502,1e+05,"Mg"
"Sbicolor_v3.1.1",1,49766724,1e+05,"Mg"
"Sbicolor_v3.1.1",1,50221834,1e+05,"Mg"
"Sbicolor_v3.1.1",1,51632378,1e+05,"Mg"
"Sbicolor_v3.1.1",1,54734824,1e+05,"Mg"
"Sbicolor_v3.1.1",1,56630061,1e+05,"Mg"
"Sbicolor_v3.1.1",1,56630061,1e+05,"Mg"
"Sbicolor_v3.1.1",1,57681086,1e+05,"Mg"
"Sbicolor_v3.1.1",1,57681951,1e+05,"Mg"
"Sbicolor_v3.1.1",1,57681951,1e+05,"Mg"
"Sbicolor_v3.1.1",1,57681951,1e+05,"Mg"
"Sbicolor_v3.1.1",1,57681951,1e+05,"Mg"
"Sbicolor_v3.1.1",1,57941991,1e+05,"Mg"
"Sbicolor_v3.1.1",1,60304824,1e+05,"Mg"
"Sbicolor_v3.1.1",1,61140393,1e+05,"Mg"
"Sbicolor_v3.1.1",1,61387466,1e+05,"Mg"
"Sbicolor_v3.1.1",1,61546663,1e+05,"Mg"
"Sbicolor_v3.1.1",1,71516550,1e+05,"Mg"
"Sbicolor_v3.1.1",1,72061476,1e+05,"Mg"
"Sbicolor_v3.1.1",1,72061476,1e+05,"Mg"
"Sbicolor_v3.1.1",1,72061476,1e+05,"Mg"
"Sbicolor_v3.1.1",1,72061476,1e+05,"Mg"
"Sbicolor_v3.1.1",1,72242897,1e+05,"Mg"
"Sbicolor_v3.1.1",1,77955074,1e+05,"Mg"
"Sbicolor_v3.1.1",1,78558841,1e+05,"Mg"
"Sbicolor_v3.1.1",2,719163,1e+05,"Mg"
"Sbicolor_v3.1.1",2,719163,1e+05,"Mg"
"Sbicolor_v3.1.1",2,719163,1e+05,"Mg"
"Sbicolor_v3.1.1",2,1636799,1e+05,"Mg"
"Sbicolor_v3.1.1",2,3880175,1e+05,"Mg"
"Sbicolor_v3.1.1",2,4562018,1e+05,"Mg"
"Sbicolor_v3.1.1",2,6068018,1e+05,"Mg"
"Sbicolor_v3.1.1",2,7090894,1e+05,"Mg"
"Sbicolor_v3.1.1",2,8081245,1e+05,"Mg"
"Sbicolor_v3.1.1",2,8878734,1e+05,"Mg"
"Sbicolor_v3.1.1",2,12931918,1e+05,"Mg"
"Sbicolor_v3.1.1",2,25413452,1e+05,"Mg"
"Sbicolor_v3.1.1",2,49126548,1e+05,"Mg"
"Sbicolor_v3.1.1",2,50018400,1e+05,"Mg"
"Sbicolor_v3.1.1",2,53323827,1e+05,"Mg"
"Sbicolor_v3.1.1",2,56538528,1e+05,"Mg"
"Sbicolor_v3.1.1",2,58875688,1e+05,"Mg"
"Sbicolor_v3.1.1",2,60542309,1e+05,"Mg"
"Sbicolor_v3.1.1",2,64385683,1e+05,"Mg"
"Sbicolor_v3.1.1",2,66372868,1e+05,"Mg"
"Sbicolor_v3.1.1",2,67845962,1e+05,"Mg"
"Sbicolor_v3.1.1",2,68512202,1e+05,"Mg"
"Sbicolor_v3.1.1",2,70379652,1e+05,"Mg"
"Sbicolor_v3.1.1",2,73888394,1e+05,"Mg"
"Sbicolor_v3.1.1",2,76499385,1e+05,"Mg"
"Sbicolor_v3.1.1",3,3653509,1e+05,"Mg"
"Sbicolor_v3.1.1",3,3653509,1e+05,"Mg"
"Sbicolor_v3.1.1",3,3653509,1e+05,"Mg"
"Sbicolor_v3.1.1",3,4218776,1e+05,"Mg"
"Sbicolor_v3.1.1",3,5690488,1e+05,"Mg"
"Sbicolor_v3.1.1",3,5912869,1e+05,"Mg"
"Sbicolor_v3.1.1",3,6895827,1e+05,"Mg"
"Sbicolor_v3.1.1",3,8618326,1e+05,"Mg"
"Sbicolor_v3.1.1",3,10780828,1e+05,"Mg"
"Sbicolor_v3.1.1",3,11232435,1e+05,"Mg"
"Sbicolor_v3.1.1",3,14193039,1e+05,"Mg"
"Sbicolor_v3.1.1",3,28933555,1e+05,"Mg"
"Sbicolor_v3.1.1",3,42517557,1e+05,"Mg"
"Sbicolor_v3.1.1",3,50764576,1e+05,"Mg"
"Sbicolor_v3.1.1",3,53194268,1e+05,"Mg"
"Sbicolor_v3.1.1",3,53901454,1e+05,"Mg"
"Sbicolor_v3.1.1",3,56782944,1e+05,"Mg"
"Sbicolor_v3.1.1",3,60529278,1e+05,"Mg"
"Sbicolor_v3.1.1",3,60529278,1e+05,"Mg"
"Sbicolor_v3.1.1",3,61723334,1e+05,"Mg"
"Sbicolor_v3.1.1",3,62355991,1e+05,"Mg"
"Sbicolor_v3.1.1",3,64236764,1e+05,"Mg"
"Sbicolor_v3.1.1",3,64236764,1e+05,"Mg"
"Sbicolor_v3.1.1",3,65793191,1e+05,"Mg"
"Sbicolor_v3.1.1",3,65793191,1e+05,"Mg"
"Sbicolor_v3.1.1",3,69922342,1e+05,"Mg"
"Sbicolor_v3.1.1",3,71560941,1e+05,"Mg"
"Sbicolor_v3.1.1",3,71926402,1e+05,"Mg"
"Sbicolor_v3.1.1",3,72662134,1e+05,"Mg"
"Sbicolor_v3.1.1",4,275341,1e+05,"Mg"
"Sbicolor_v3.1.1",4,275341,1e+05,"Mg"
"Sbicolor_v3.1.1",4,506084,1e+05,"Mg"
"Sbicolor_v3.1.1",4,527027,1e+05,"Mg"
"Sbicolor_v3.1.1",4,2214571,1e+05,"Mg"
"Sbicolor_v3.1.1",4,2283971,1e+05,"Mg"
"Sbicolor_v3.1.1",4,5580015,1e+05,"Mg"
"Sbicolor_v3.1.1",4,5948075,1e+05,"Mg"
"Sbicolor_v3.1.1",4,9770505,1e+05,"Mg"
"Sbicolor_v3.1.1",4,15692523,1e+05,"Mg"
"Sbicolor_v3.1.1",4,38795139,1e+05,"Mg"
"Sbicolor_v3.1.1",4,39272661,1e+05,"Mg"
"Sbicolor_v3.1.1",4,43580319,1e+05,"Mg"
"Sbicolor_v3.1.1",4,43741132,1e+05,"Mg"
"Sbicolor_v3.1.1",4,49581493,1e+05,"Mg"
"Sbicolor_v3.1.1",4,60097991,1e+05,"Mg"
"Sbicolor_v3.1.1",4,63992803,1e+05,"Mg"
"Sbicolor_v3.1.1",4,64616990,1e+05,"Mg"
"Sbicolor_v3.1.1",4,66845895,1e+05,"Mg"
"Sbicolor_v3.1.1",5,1836514,1e+05,"Mg"
"Sbicolor_v3.1.1",5,4275165,1e+05,"Mg"
"Sbicolor_v3.1.1",5,5295324,1e+05,"Mg"
"Sbicolor_v3.1.1",5,9478835,1e+05,"Mg"
"Sbicolor_v3.1.1",5,11763348,1e+05,"Mg"
"Sbicolor_v3.1.1",5,41675548,1e+05,"Mg"
"Sbicolor_v3.1.1",5,62385078,1e+05,"Mg"
"Sbicolor_v3.1.1",5,68111678,1e+05,"Mg"
"Sbicolor_v3.1.1",5,68386616,1e+05,"Mg"
"Sbicolor_v3.1.1",6,1316571,1e+05,"Mg"
"Sbicolor_v3.1.1",6,27630649,1e+05,"Mg"
"Sbicolor_v3.1.1",6,39026551,1e+05,"Mg"
"Sbicolor_v3.1.1",6,42351178,1e+05,"Mg"
"Sbicolor_v3.1.1",6,42351231,1e+05,"Mg"
"Sbicolor_v3.1.1",6,42463774,1e+05,"Mg"
"Sbicolor_v3.1.1",6,42632375,1e+05,"Mg"
"Sbicolor_v3.1.1",7,13267812,1e+05,"Mg"
"Sbicolor_v3.1.1",6,47614146,1e+05,"Mg"
"Sbicolor_v3.1.1",6,49108920,1e+05,"Mg"
"Sbicolor_v3.1.1",6,53592544,1e+05,"Mg"
"Sbicolor_v3.1.1",6,54128682,1e+05,"Mg"
"Sbicolor_v3.1.1",6,56320348,1e+05,"Mg"
"Sbicolor_v3.1.1",6,56532461,1e+05,"Mg"
"Sbicolor_v3.1.1",6,57862288,1e+05,"Mg"
"Sbicolor_v3.1.1",6,58113543,1e+05,"Mg"
"Sbicolor_v3.1.1",6,58505174,1e+05,"Mg"
"Sbicolor_v3.1.1",6,60126509,1e+05,"Mg"
"Sbicolor_v3.1.1",6,60549214,1e+05,"Mg"
"Sbicolor_v3.1.1",7,703474,1e+05,"Mg"
"Sbicolor_v3.1.1",7,2528634,1e+05,"Mg"
"Sbicolor_v3.1.1",7,8881707,1e+05,"Mg"
"Sbicolor_v3.1.1",7,39449134,1e+05,"Mg"
"Sbicolor_v3.1.1",7,55874445,1e+05,"Mg"
"Sbicolor_v3.1.1",7,57918962,1e+05,"Mg"
"Sbicolor_v3.1.1",8,979311,1e+05,"Mg"
"Sbicolor_v3.1.1",8,979311,1e+05,"Mg"
"Sbicolor_v3.1.1",8,1403555,1e+05,"Mg"
"Sbicolor_v3.1.1",8,3409893,1e+05,"Mg"
"Sbicolor_v3.1.1",8,7375349,1e+05,"Mg"
"Sbicolor_v3.1.1",8,59454815,1e+05,"Mg"
"Sbicolor_v3.1.1",8,60254514,1e+05,"Mg"
"Sbicolor_v3.1.1",8,60496977,1e+05,"Mg"
"Sbicolor_v3.1.1",9,2392410,1e+05,"Mg"
"Sbicolor_v3.1.1",9,3821786,1e+05,"Mg"
"Sbicolor_v3.1.1",9,4690053,1e+05,"Mg"
"Sbicolor_v3.1.1",9,5630757,1e+05,"Mg"
"Sbicolor_v3.1.1",9,6055088,1e+05,"Mg"
"Sbicolor_v3.1.1",9,9960353,1e+05,"Mg"
"Sbicolor_v3.1.1",9,10474453,1e+05,"Mg"
"Sbicolor_v3.1.1",9,42852342,1e+05,"Mg"
"Sbicolor_v3.1.1",9,49866183,1e+05,"Mg"
"Sbicolor_v3.1.1",9,49866183,1e+05,"Mg"
"Sbicolor_v3.1.1",9,52835851,1e+05,"Mg"
"Sbicolor_v3.1.1",9,56610467,1e+05,"Mg"
"Sbicolor_v3.1.1",9,56824974,1e+05,"Mg"
"Sbicolor_v3.1.1",9,57657768,1e+05,"Mg"
"Sbicolor_v3.1.1",9,58531784,1e+05,"Mg"
"Sbicolor_v3.1.1",10,1254980,1e+05,"Mg"
"Sbicolor_v3.1.1",10,3536844,1e+05,"Mg"
"Sbicolor_v3.1.1",10,3536844,1e+05,"Mg"
"Sbicolor_v3.1.1",10,3566747,1e+05,"Mg"
"Sbicolor_v3.1.1",10,4602510,1e+05,"Mg"
"Sbicolor_v3.1.1",10,4621925,1e+05,"Mg"
"Sbicolor_v3.1.1",10,5314100,1e+05,"Mg"
"Sbicolor_v3.1.1",10,8618320,1e+05,"Mg"
"Sbicolor_v3.1.1",10,8727345,1e+05,"Mg"
"Sbicolor_v3.1.1",10,8977082,1e+05,"Mg"
"Sbicolor_v3.1.1",10,9280067,1e+05,"Mg"
"Sbicolor_v3.1.1",10,11197216,1e+05,"Mg"
"Sbicolor_v3.1.1",10,18467905,1e+05,"Mg"
"Sbicolor_v3.1.1",10,37509481,1e+05,"Mg"
"Sbicolor_v3.1.1",10,41510848,1e+05,"Mg"
"Sbicolor_v3.1.1",10,43624959,1e+05,"Mg"
"Sbicolor_v3.1.1",10,43756892,1e+05,"Mg"
"Sbicolor_v3.1.1",10,46041365,1e+05,"Mg"
"Sbicolor_v3.1.1",10,46881436,1e+05,"Mg"
"Sbicolor_v3.1.1",10,47960708,1e+05,"Mg"
"Sbicolor_v3.1.1",10,50312303,1e+05,"Mg"
"Sbicolor_v3.1.1",10,53130432,1e+05,"Mg"
"Sbicolor_v3.1.1",10,54552033,1e+05,"Mg"
"Sbicolor_v3.1.1",10,56445362,1e+05,"Mg"
"Sbicolor_v3.1.1",10,56855696,1e+05,"Mg"
"Sbicolor_v3.1.1",10,58950653,1e+05,"Mg"
"Sbicolor_v3.1.1",1,7375950,1e+05,"Mn"
"Sbicolor_v3.1.1",1,11819550,1e+05,"Mn"
"Sbicolor_v3.1.1",1,14285008,1e+05,"Mn"
"Sbicolor_v3.1.1",1,17028957,1e+05,"Mn"
"Sbicolor_v3.1.1",1,17637900,1e+05,"Mn"
"Sbicolor_v3.1.1",1,18815717,1e+05,"Mn"
"Sbicolor_v3.1.1",1,18815717,1e+05,"Mn"
"Sbicolor_v3.1.1",1,18815717,1e+05,"Mn"
"Sbicolor_v3.1.1",1,26241138,1e+05,"Mn"
"Sbicolor_v3.1.1",1,26853669,1e+05,"Mn"
"Sbicolor_v3.1.1",1,27000676,1e+05,"Mn"
"Sbicolor_v3.1.1",1,31001812,1e+05,"Mn"
"Sbicolor_v3.1.1",1,49964354,1e+05,"Mn"
"Sbicolor_v3.1.1",1,53094812,1e+05,"Mn"
"Sbicolor_v3.1.1",1,53094812,1e+05,"Mn"
"Sbicolor_v3.1.1",1,54232514,1e+05,"Mn"
"Sbicolor_v3.1.1",1,54232514,1e+05,"Mn"
"Sbicolor_v3.1.1",1,55304134,1e+05,"Mn"
"Sbicolor_v3.1.1",1,59791348,1e+05,"Mn"
"Sbicolor_v3.1.1",1,62218159,1e+05,"Mn"
"Sbicolor_v3.1.1",1,62624734,1e+05,"Mn"
"Sbicolor_v3.1.1",1,62992453,1e+05,"Mn"
"Sbicolor_v3.1.1",1,63447974,1e+05,"Mn"
"Sbicolor_v3.1.1",1,64298098,1e+05,"Mn"
"Sbicolor_v3.1.1",1,68787903,1e+05,"Mn"
"Sbicolor_v3.1.1",1,70042898,1e+05,"Mn"
"Sbicolor_v3.1.1",1,71511878,1e+05,"Mn"
"Sbicolor_v3.1.1",1,73434915,1e+05,"Mn"
"Sbicolor_v3.1.1",1,74752104,1e+05,"Mn"
"Sbicolor_v3.1.1",1,74986593,1e+05,"Mn"
"Sbicolor_v3.1.1",1,75159760,1e+05,"Mn"
"Sbicolor_v3.1.1",1,75424921,1e+05,"Mn"
"Sbicolor_v3.1.1",1,75542075,1e+05,"Mn"
"Sbicolor_v3.1.1",1,78395404,1e+05,"Mn"
"Sbicolor_v3.1.1",2,1279723,1e+05,"Mn"
"Sbicolor_v3.1.1",2,4081141,1e+05,"Mn"
"Sbicolor_v3.1.1",2,7090894,1e+05,"Mn"
"Sbicolor_v3.1.1",2,7107085,1e+05,"Mn"
"Sbicolor_v3.1.1",2,16515030,1e+05,"Mn"
"Sbicolor_v3.1.1",2,49320712,1e+05,"Mn"
"Sbicolor_v3.1.1",2,56923093,1e+05,"Mn"
"Sbicolor_v3.1.1",2,57032787,1e+05,"Mn"
"Sbicolor_v3.1.1",2,62222413,1e+05,"Mn"
"Sbicolor_v3.1.1",2,66513721,1e+05,"Mn"
"Sbicolor_v3.1.1",2,69661301,1e+05,"Mn"
"Sbicolor_v3.1.1",2,69784152,1e+05,"Mn"
"Sbicolor_v3.1.1",2,70188654,1e+05,"Mn"
"Sbicolor_v3.1.1",2,70735593,1e+05,"Mn"
"Sbicolor_v3.1.1",2,72138591,1e+05,"Mn"
"Sbicolor_v3.1.1",2,73895392,1e+05,"Mn"
"Sbicolor_v3.1.1",2,74544884,1e+05,"Mn"
"Sbicolor_v3.1.1",2,74915763,1e+05,"Mn"
"Sbicolor_v3.1.1",2,75594033,1e+05,"Mn"
"Sbicolor_v3.1.1",2,75759060,1e+05,"Mn"
"Sbicolor_v3.1.1",3,1668362,1e+05,"Mn"
"Sbicolor_v3.1.1",3,1964420,1e+05,"Mn"
"Sbicolor_v3.1.1",3,1964420,1e+05,"Mn"
"Sbicolor_v3.1.1",3,4692966,1e+05,"Mn"
"Sbicolor_v3.1.1",3,5085915,1e+05,"Mn"
"Sbicolor_v3.1.1",3,5620190,1e+05,"Mn"
"Sbicolor_v3.1.1",3,6039948,1e+05,"Mn"
"Sbicolor_v3.1.1",3,6039948,1e+05,"Mn"
"Sbicolor_v3.1.1",3,7045978,1e+05,"Mn"
"Sbicolor_v3.1.1",3,9722025,1e+05,"Mn"
"Sbicolor_v3.1.1",3,18261078,1e+05,"Mn"
"Sbicolor_v3.1.1",3,22848776,1e+05,"Mn"
"Sbicolor_v3.1.1",3,50669263,1e+05,"Mn"
"Sbicolor_v3.1.1",3,52994987,1e+05,"Mn"
"Sbicolor_v3.1.1",3,53472888,1e+05,"Mn"
"Sbicolor_v3.1.1",3,55370875,1e+05,"Mn"
"Sbicolor_v3.1.1",3,56782944,1e+05,"Mn"
"Sbicolor_v3.1.1",3,57363071,1e+05,"Mn"
"Sbicolor_v3.1.1",3,61795805,1e+05,"Mn"
"Sbicolor_v3.1.1",3,66104915,1e+05,"Mn"
"Sbicolor_v3.1.1",3,66927560,1e+05,"Mn"
"Sbicolor_v3.1.1",3,69088552,1e+05,"Mn"
"Sbicolor_v3.1.1",3,69102362,1e+05,"Mn"
"Sbicolor_v3.1.1",3,71794887,1e+05,"Mn"
"Sbicolor_v3.1.1",3,72458428,1e+05,"Mn"
"Sbicolor_v3.1.1",3,74310348,1e+05,"Mn"
"Sbicolor_v3.1.1",4,1138293,1e+05,"Mn"
"Sbicolor_v3.1.1",4,4160425,1e+05,"Mn"
"Sbicolor_v3.1.1",4,4160425,1e+05,"Mn"
"Sbicolor_v3.1.1",4,5882785,1e+05,"Mn"
"Sbicolor_v3.1.1",4,5882789,1e+05,"Mn"
"Sbicolor_v3.1.1",4,7453624,1e+05,"Mn"
"Sbicolor_v3.1.1",4,9708759,1e+05,"Mn"
"Sbicolor_v3.1.1",4,12823141,1e+05,"Mn"
"Sbicolor_v3.1.1",4,13847426,1e+05,"Mn"
"Sbicolor_v3.1.1",4,48613387,1e+05,"Mn"
"Sbicolor_v3.1.1",4,54303574,1e+05,"Mn"
"Sbicolor_v3.1.1",4,54303574,1e+05,"Mn"
"Sbicolor_v3.1.1",4,54650373,1e+05,"Mn"
"Sbicolor_v3.1.1",4,54837298,1e+05,"Mn"
"Sbicolor_v3.1.1",4,54867534,1e+05,"Mn"
"Sbicolor_v3.1.1",4,57451027,1e+05,"Mn"
"Sbicolor_v3.1.1",4,58197122,1e+05,"Mn"
"Sbicolor_v3.1.1",4,59734875,1e+05,"Mn"
"Sbicolor_v3.1.1",4,66325840,1e+05,"Mn"
"Sbicolor_v3.1.1",5,1052214,1e+05,"Mn"
"Sbicolor_v3.1.1",5,1052258,1e+05,"Mn"
"Sbicolor_v3.1.1",5,1456057,1e+05,"Mn"
"Sbicolor_v3.1.1",5,1988385,1e+05,"Mn"
"Sbicolor_v3.1.1",5,3266217,1e+05,"Mn"
"Sbicolor_v3.1.1",5,3709839,1e+05,"Mn"
"Sbicolor_v3.1.1",5,4062978,1e+05,"Mn"
"Sbicolor_v3.1.1",5,4184367,1e+05,"Mn"
"Sbicolor_v3.1.1",5,5498939,1e+05,"Mn"
"Sbicolor_v3.1.1",5,7094093,1e+05,"Mn"
"Sbicolor_v3.1.1",5,9694594,1e+05,"Mn"
"Sbicolor_v3.1.1",5,10479364,1e+05,"Mn"
"Sbicolor_v3.1.1",5,10899886,1e+05,"Mn"
"Sbicolor_v3.1.1",5,12596971,1e+05,"Mn"
"Sbicolor_v3.1.1",5,21205299,1e+05,"Mn"
"Sbicolor_v3.1.1",5,51268312,1e+05,"Mn"
"Sbicolor_v3.1.1",5,52441462,1e+05,"Mn"
"Sbicolor_v3.1.1",5,54056755,1e+05,"Mn"
"Sbicolor_v3.1.1",5,54757241,1e+05,"Mn"
"Sbicolor_v3.1.1",5,56555744,1e+05,"Mn"
"Sbicolor_v3.1.1",5,63235915,1e+05,"Mn"
"Sbicolor_v3.1.1",5,67213533,1e+05,"Mn"
"Sbicolor_v3.1.1",5,69851291,1e+05,"Mn"
"Sbicolor_v3.1.1",5,71395812,1e+05,"Mn"
"Sbicolor_v3.1.1",6,1548923,1e+05,"Mn"
"Sbicolor_v3.1.1",6,1592128,1e+05,"Mn"
"Sbicolor_v3.1.1",6,2598827,1e+05,"Mn"
"Sbicolor_v3.1.1",6,2663261,1e+05,"Mn"
"Sbicolor_v3.1.1",6,6132735,1e+05,"Mn"
"Sbicolor_v3.1.1",6,6709091,1e+05,"Mn"
"Sbicolor_v3.1.1",6,32294199,1e+05,"Mn"
"Sbicolor_v3.1.1",6,32294199,1e+05,"Mn"
"Sbicolor_v3.1.1",6,37385072,1e+05,"Mn"
"Sbicolor_v3.1.1",6,38856399,1e+05,"Mn"
"Sbicolor_v3.1.1",6,47285325,1e+05,"Mn"
"Sbicolor_v3.1.1",6,47614045,1e+05,"Mn"
"Sbicolor_v3.1.1",6,50644144,1e+05,"Mn"
"Sbicolor_v3.1.1",6,50964176,1e+05,"Mn"
"Sbicolor_v3.1.1",6,51082745,1e+05,"Mn"
"Sbicolor_v3.1.1",6,51538609,1e+05,"Mn"
"Sbicolor_v3.1.1",6,51870923,1e+05,"Mn"
"Sbicolor_v3.1.1",6,51915269,1e+05,"Mn"
"Sbicolor_v3.1.1",6,52037125,1e+05,"Mn"
"Sbicolor_v3.1.1",6,55671210,1e+05,"Mn"
"Sbicolor_v3.1.1",6,58575607,1e+05,"Mn"
"Sbicolor_v3.1.1",6,59297946,1e+05,"Mn"
"Sbicolor_v3.1.1",7,3738030,1e+05,"Mn"
"Sbicolor_v3.1.1",7,4686734,1e+05,"Mn"
"Sbicolor_v3.1.1",7,9057897,1e+05,"Mn"
"Sbicolor_v3.1.1",7,28992734,1e+05,"Mn"
"Sbicolor_v3.1.1",7,37986484,1e+05,"Mn"
"Sbicolor_v3.1.1",7,58732819,1e+05,"Mn"
"Sbicolor_v3.1.1",7,59646804,1e+05,"Mn"
"Sbicolor_v3.1.1",7,62839917,1e+05,"Mn"
"Sbicolor_v3.1.1",7,63639562,1e+05,"Mn"
"Sbicolor_v3.1.1",7,63990362,1e+05,"Mn"
"Sbicolor_v3.1.1",8,2286575,1e+05,"Mn"
"Sbicolor_v3.1.1",8,5513768,1e+05,"Mn"
"Sbicolor_v3.1.1",8,7104741,1e+05,"Mn"
"Sbicolor_v3.1.1",8,7108248,1e+05,"Mn"
"Sbicolor_v3.1.1",8,9637816,1e+05,"Mn"
"Sbicolor_v3.1.1",8,32647205,1e+05,"Mn"
"Sbicolor_v3.1.1",8,32647205,1e+05,"Mn"
"Sbicolor_v3.1.1",8,32647205,1e+05,"Mn"
"Sbicolor_v3.1.1",8,42471750,1e+05,"Mn"
"Sbicolor_v3.1.1",8,45769727,1e+05,"Mn"
"Sbicolor_v3.1.1",8,51017746,1e+05,"Mn"
"Sbicolor_v3.1.1",8,52125892,1e+05,"Mn"
"Sbicolor_v3.1.1",8,54850585,1e+05,"Mn"
"Sbicolor_v3.1.1",8,56419686,1e+05,"Mn"
"Sbicolor_v3.1.1",8,56686324,1e+05,"Mn"
"Sbicolor_v3.1.1",8,59318710,1e+05,"Mn"
"Sbicolor_v3.1.1",8,59365681,1e+05,"Mn"
"Sbicolor_v3.1.1",8,59389881,1e+05,"Mn"
"Sbicolor_v3.1.1",8,59664164,1e+05,"Mn"
"Sbicolor_v3.1.1",8,60130799,1e+05,"Mn"
"Sbicolor_v3.1.1",8,60944525,1e+05,"Mn"
"Sbicolor_v3.1.1",9,2414494,1e+05,"Mn"
"Sbicolor_v3.1.1",9,5327512,1e+05,"Mn"
"Sbicolor_v3.1.1",9,5327512,1e+05,"Mn"
"Sbicolor_v3.1.1",9,5860766,1e+05,"Mn"
"Sbicolor_v3.1.1",9,8480318,1e+05,"Mn"
"Sbicolor_v3.1.1",9,42849152,1e+05,"Mn"
"Sbicolor_v3.1.1",9,46797771,1e+05,"Mn"
"Sbicolor_v3.1.1",9,50537917,1e+05,"Mn"
"Sbicolor_v3.1.1",9,51166745,1e+05,"Mn"
"Sbicolor_v3.1.1",9,51524218,1e+05,"Mn"
"Sbicolor_v3.1.1",9,51964942,1e+05,"Mn"
"Sbicolor_v3.1.1",9,52359730,1e+05,"Mn"
"Sbicolor_v3.1.1",9,52749178,1e+05,"Mn"
"Sbicolor_v3.1.1",9,53137732,1e+05,"Mn"
"Sbicolor_v3.1.1",9,55061072,1e+05,"Mn"
"Sbicolor_v3.1.1",9,56339489,1e+05,"Mn"
"Sbicolor_v3.1.1",9,56496663,1e+05,"Mn"
"Sbicolor_v3.1.1",10,1149045,1e+05,"Mn"
"Sbicolor_v3.1.1",10,1149045,1e+05,"Mn"
"Sbicolor_v3.1.1",10,1560229,1e+05,"Mn"
"Sbicolor_v3.1.1",10,2139491,1e+05,"Mn"
"Sbicolor_v3.1.1",10,7791677,1e+05,"Mn"
"Sbicolor_v3.1.1",10,42506583,1e+05,"Mn"
"Sbicolor_v3.1.1",10,42592020,1e+05,"Mn"
"Sbicolor_v3.1.1",10,45765669,1e+05,"Mn"
"Sbicolor_v3.1.1",10,46045563,1e+05,"Mn"
"Sbicolor_v3.1.1",10,46856487,1e+05,"Mn"
"Sbicolor_v3.1.1",10,47960694,1e+05,"Mn"
"Sbicolor_v3.1.1",10,50281278,1e+05,"Mn"
"Sbicolor_v3.1.1",10,53940240,1e+05,"Mn"
"Sbicolor_v3.1.1",10,55298899,1e+05,"Mn"
"Sbicolor_v3.1.1",10,56855696,1e+05,"Mn"
"Sbicolor_v3.1.1",10,57202665,1e+05,"Mn"
"Sbicolor_v3.1.1",10,57385407,1e+05,"Mn"
"Sbicolor_v3.1.1",10,57711795,1e+05,"Mn"
"Sbicolor_v3.1.1",10,57867377,1e+05,"Mn"
"Sbicolor_v3.1.1",10,60146528,1e+05,"Mn"
"Sbicolor_v3.1.1",1,1548024,1e+05,"Mo"
"Sbicolor_v3.1.1",1,5870828,1e+05,"Mo"
"Sbicolor_v3.1.1",1,9918876,1e+05,"Mo"
"Sbicolor_v3.1.1",1,13356109,1e+05,"Mo"
"Sbicolor_v3.1.1",1,16704144,1e+05,"Mo"
"Sbicolor_v3.1.1",1,17004926,1e+05,"Mo"
"Sbicolor_v3.1.1",1,17077350,1e+05,"Mo"
"Sbicolor_v3.1.1",1,17145004,1e+05,"Mo"
"Sbicolor_v3.1.1",1,19341829,1e+05,"Mo"
"Sbicolor_v3.1.1",1,19366986,1e+05,"Mo"
"Sbicolor_v3.1.1",1,23884540,1e+05,"Mo"
"Sbicolor_v3.1.1",1,26072857,1e+05,"Mo"
"Sbicolor_v3.1.1",1,26072857,1e+05,"Mo"
"Sbicolor_v3.1.1",1,51326374,1e+05,"Mo"
"Sbicolor_v3.1.1",1,52747335,1e+05,"Mo"
"Sbicolor_v3.1.1",1,53853864,1e+05,"Mo"
"Sbicolor_v3.1.1",1,58218583,1e+05,"Mo"
"Sbicolor_v3.1.1",1,58807619,1e+05,"Mo"
"Sbicolor_v3.1.1",1,64167196,1e+05,"Mo"
"Sbicolor_v3.1.1",1,67147072,1e+05,"Mo"
"Sbicolor_v3.1.1",1,79450403,1e+05,"Mo"
"Sbicolor_v3.1.1",2,734327,1e+05,"Mo"
"Sbicolor_v3.1.1",2,3390562,1e+05,"Mo"
"Sbicolor_v3.1.1",2,5824730,1e+05,"Mo"
"Sbicolor_v3.1.1",2,5824730,1e+05,"Mo"
"Sbicolor_v3.1.1",2,6607847,1e+05,"Mo"
"Sbicolor_v3.1.1",2,7029072,1e+05,"Mo"
"Sbicolor_v3.1.1",2,7090969,1e+05,"Mo"
"Sbicolor_v3.1.1",2,9725990,1e+05,"Mo"
"Sbicolor_v3.1.1",2,9725990,1e+05,"Mo"
"Sbicolor_v3.1.1",2,9725990,1e+05,"Mo"
"Sbicolor_v3.1.1",2,13390864,1e+05,"Mo"
"Sbicolor_v3.1.1",2,13390864,1e+05,"Mo"
"Sbicolor_v3.1.1",2,14798025,1e+05,"Mo"
"Sbicolor_v3.1.1",2,18095231,1e+05,"Mo"
"Sbicolor_v3.1.1",2,23252312,1e+05,"Mo"
"Sbicolor_v3.1.1",2,23252312,1e+05,"Mo"
"Sbicolor_v3.1.1",2,58509912,1e+05,"Mo"
"Sbicolor_v3.1.1",2,62829762,1e+05,"Mo"
"Sbicolor_v3.1.1",2,65766707,1e+05,"Mo"
"Sbicolor_v3.1.1",2,67977545,1e+05,"Mo"
"Sbicolor_v3.1.1",2,68980737,1e+05,"Mo"
"Sbicolor_v3.1.1",2,72612926,1e+05,"Mo"
"Sbicolor_v3.1.1",2,76370616,1e+05,"Mo"
"Sbicolor_v3.1.1",2,76473816,1e+05,"Mo"
"Sbicolor_v3.1.1",2,76859956,1e+05,"Mo"
"Sbicolor_v3.1.1",3,975532,1e+05,"Mo"
"Sbicolor_v3.1.1",3,1071399,1e+05,"Mo"
"Sbicolor_v3.1.1",3,8627742,1e+05,"Mo"
"Sbicolor_v3.1.1",3,57501122,1e+05,"Mo"
"Sbicolor_v3.1.1",3,57614567,1e+05,"Mo"
"Sbicolor_v3.1.1",3,63681693,1e+05,"Mo"
"Sbicolor_v3.1.1",3,63681693,1e+05,"Mo"
"Sbicolor_v3.1.1",3,64822970,1e+05,"Mo"
"Sbicolor_v3.1.1",3,64822970,1e+05,"Mo"
"Sbicolor_v3.1.1",3,64822970,1e+05,"Mo"
"Sbicolor_v3.1.1",3,64825897,1e+05,"Mo"
"Sbicolor_v3.1.1",3,64873844,1e+05,"Mo"
"Sbicolor_v3.1.1",3,64873844,1e+05,"Mo"
"Sbicolor_v3.1.1",3,71638225,1e+05,"Mo"
"Sbicolor_v3.1.1",3,72118504,1e+05,"Mo"
"Sbicolor_v3.1.1",3,72643910,1e+05,"Mo"
"Sbicolor_v3.1.1",3,73421726,1e+05,"Mo"
"Sbicolor_v3.1.1",3,73716603,1e+05,"Mo"
"Sbicolor_v3.1.1",4,1954972,1e+05,"Mo"
"Sbicolor_v3.1.1",4,2454373,1e+05,"Mo"
"Sbicolor_v3.1.1",4,3763573,1e+05,"Mo"
"Sbicolor_v3.1.1",4,3904291,1e+05,"Mo"
"Sbicolor_v3.1.1",4,7556373,1e+05,"Mo"
"Sbicolor_v3.1.1",4,8815121,1e+05,"Mo"
"Sbicolor_v3.1.1",4,13918221,1e+05,"Mo"
"Sbicolor_v3.1.1",4,20260802,1e+05,"Mo"
"Sbicolor_v3.1.1",4,36035200,1e+05,"Mo"
"Sbicolor_v3.1.1",4,36035200,1e+05,"Mo"
"Sbicolor_v3.1.1",4,41445290,1e+05,"Mo"
"Sbicolor_v3.1.1",4,46534642,1e+05,"Mo"
"Sbicolor_v3.1.1",4,49256905,1e+05,"Mo"
"Sbicolor_v3.1.1",4,51121211,1e+05,"Mo"
"Sbicolor_v3.1.1",4,55723296,1e+05,"Mo"
"Sbicolor_v3.1.1",4,55765917,1e+05,"Mo"
"Sbicolor_v3.1.1",4,55968009,1e+05,"Mo"
"Sbicolor_v3.1.1",4,62050171,1e+05,"Mo"
"Sbicolor_v3.1.1",4,64536549,1e+05,"Mo"
"Sbicolor_v3.1.1",4,66410373,1e+05,"Mo"
"Sbicolor_v3.1.1",5,6065131,1e+05,"Mo"
"Sbicolor_v3.1.1",5,11190896,1e+05,"Mo"
"Sbicolor_v3.1.1",5,41436492,1e+05,"Mo"
"Sbicolor_v3.1.1",5,57995794,1e+05,"Mo"
"Sbicolor_v3.1.1",6,6235159,1e+05,"Mo"
"Sbicolor_v3.1.1",6,28883298,1e+05,"Mo"
"Sbicolor_v3.1.1",6,42779000,1e+05,"Mo"
"Sbicolor_v3.1.1",6,42779000,1e+05,"Mo"
"Sbicolor_v3.1.1",6,43974605,1e+05,"Mo"
"Sbicolor_v3.1.1",6,44375570,1e+05,"Mo"
"Sbicolor_v3.1.1",6,44560729,1e+05,"Mo"
"Sbicolor_v3.1.1",6,45333285,1e+05,"Mo"
"Sbicolor_v3.1.1",6,45333285,1e+05,"Mo"
"Sbicolor_v3.1.1",6,54771636,1e+05,"Mo"
"Sbicolor_v3.1.1",6,56654353,1e+05,"Mo"
"Sbicolor_v3.1.1",6,58759777,1e+05,"Mo"
"Sbicolor_v3.1.1",6,58759777,1e+05,"Mo"
"Sbicolor_v3.1.1",6,59340712,1e+05,"Mo"
"Sbicolor_v3.1.1",6,60469060,1e+05,"Mo"
"Sbicolor_v3.1.1",7,833856,1e+05,"Mo"
"Sbicolor_v3.1.1",7,8881707,1e+05,"Mo"
"Sbicolor_v3.1.1",7,8881707,1e+05,"Mo"
"Sbicolor_v3.1.1",7,11186181,1e+05,"Mo"
"Sbicolor_v3.1.1",7,11621860,1e+05,"Mo"
"Sbicolor_v3.1.1",7,22916073,1e+05,"Mo"
"Sbicolor_v3.1.1",7,50476131,1e+05,"Mo"
"Sbicolor_v3.1.1",7,54799080,1e+05,"Mo"
"Sbicolor_v3.1.1",7,56788982,1e+05,"Mo"
"Sbicolor_v3.1.1",7,56994025,1e+05,"Mo"
"Sbicolor_v3.1.1",7,60207045,1e+05,"Mo"
"Sbicolor_v3.1.1",7,63275756,1e+05,"Mo"
"Sbicolor_v3.1.1",7,64332801,1e+05,"Mo"
"Sbicolor_v3.1.1",8,8609549,1e+05,"Mo"
"Sbicolor_v3.1.1",8,13991252,1e+05,"Mo"
"Sbicolor_v3.1.1",8,47762595,1e+05,"Mo"
"Sbicolor_v3.1.1",8,55961212,1e+05,"Mo"
"Sbicolor_v3.1.1",8,57441797,1e+05,"Mo"
"Sbicolor_v3.1.1",9,391882,1e+05,"Mo"
"Sbicolor_v3.1.1",9,1187862,1e+05,"Mo"
"Sbicolor_v3.1.1",9,2632866,1e+05,"Mo"
"Sbicolor_v3.1.1",9,2632866,1e+05,"Mo"
"Sbicolor_v3.1.1",9,4267920,1e+05,"Mo"
"Sbicolor_v3.1.1",9,6962051,1e+05,"Mo"
"Sbicolor_v3.1.1",9,26588243,1e+05,"Mo"
"Sbicolor_v3.1.1",9,38477292,1e+05,"Mo"
"Sbicolor_v3.1.1",9,38477292,1e+05,"Mo"
"Sbicolor_v3.1.1",9,42849152,1e+05,"Mo"
"Sbicolor_v3.1.1",9,56984594,1e+05,"Mo"
"Sbicolor_v3.1.1",9,58259191,1e+05,"Mo"
"Sbicolor_v3.1.1",9,58822762,1e+05,"Mo"
"Sbicolor_v3.1.1",10,4475536,1e+05,"Mo"
"Sbicolor_v3.1.1",10,6133413,1e+05,"Mo"
"Sbicolor_v3.1.1",10,6237594,1e+05,"Mo"
"Sbicolor_v3.1.1",10,7344640,1e+05,"Mo"
"Sbicolor_v3.1.1",10,9237657,1e+05,"Mo"
"Sbicolor_v3.1.1",10,9811379,1e+05,"Mo"
"Sbicolor_v3.1.1",10,51080006,1e+05,"Mo"
"Sbicolor_v3.1.1",10,52965914,1e+05,"Mo"
"Sbicolor_v3.1.1",10,52965914,1e+05,"Mo"
"Sbicolor_v3.1.1",10,55920772,1e+05,"Mo"
"Sbicolor_v3.1.1",10,59624053,1e+05,"Mo"
"Sbicolor_v3.1.1",10,59844068,1e+05,"Mo"
"Sbicolor_v3.1.1",1,15702125,1e+05,"Na"
"Sbicolor_v3.1.1",1,15890085,1e+05,"Na"
"Sbicolor_v3.1.1",1,22849290,1e+05,"Na"
"Sbicolor_v3.1.1",1,22849290,1e+05,"Na"
"Sbicolor_v3.1.1",1,24297179,1e+05,"Na"
"Sbicolor_v3.1.1",1,56731423,1e+05,"Na"
"Sbicolor_v3.1.1",1,58611246,1e+05,"Na"
"Sbicolor_v3.1.1",1,60912466,1e+05,"Na"
"Sbicolor_v3.1.1",1,72205632,1e+05,"Na"
"Sbicolor_v3.1.1",1,79591451,1e+05,"Na"
"Sbicolor_v3.1.1",1,79591451,1e+05,"Na"
"Sbicolor_v3.1.1",2,9354694,1e+05,"Na"
"Sbicolor_v3.1.1",2,9354694,1e+05,"Na"
"Sbicolor_v3.1.1",2,22335869,1e+05,"Na"
"Sbicolor_v3.1.1",2,51766184,1e+05,"Na"
"Sbicolor_v3.1.1",2,59615094,1e+05,"Na"
"Sbicolor_v3.1.1",2,60643094,1e+05,"Na"
"Sbicolor_v3.1.1",2,67197978,1e+05,"Na"
"Sbicolor_v3.1.1",2,68561511,1e+05,"Na"
"Sbicolor_v3.1.1",2,72615397,1e+05,"Na"
"Sbicolor_v3.1.1",3,5452469,1e+05,"Na"
"Sbicolor_v3.1.1",3,5690488,1e+05,"Na"
"Sbicolor_v3.1.1",3,6333085,1e+05,"Na"
"Sbicolor_v3.1.1",3,7327963,1e+05,"Na"
"Sbicolor_v3.1.1",3,53776991,1e+05,"Na"
"Sbicolor_v3.1.1",3,73716603,1e+05,"Na"
"Sbicolor_v3.1.1",4,49153548,1e+05,"Na"
"Sbicolor_v3.1.1",4,51082254,1e+05,"Na"
"Sbicolor_v3.1.1",4,60747876,1e+05,"Na"
"Sbicolor_v3.1.1",5,9081548,1e+05,"Na"
"Sbicolor_v3.1.1",5,13388919,1e+05,"Na"
"Sbicolor_v3.1.1",5,13389973,1e+05,"Na"
"Sbicolor_v3.1.1",5,18704202,1e+05,"Na"
"Sbicolor_v3.1.1",5,55160554,1e+05,"Na"
"Sbicolor_v3.1.1",5,62666200,1e+05,"Na"
"Sbicolor_v3.1.1",6,48522244,1e+05,"Na"
"Sbicolor_v3.1.1",6,59040617,1e+05,"Na"
"Sbicolor_v3.1.1",6,60201593,1e+05,"Na"
"Sbicolor_v3.1.1",6,60201593,1e+05,"Na"
"Sbicolor_v3.1.1",7,7667152,1e+05,"Na"
"Sbicolor_v3.1.1",7,59043265,1e+05,"Na"
"Sbicolor_v3.1.1",7,63709647,1e+05,"Na"
"Sbicolor_v3.1.1",7,64318334,1e+05,"Na"
"Sbicolor_v3.1.1",7,64360154,1e+05,"Na"
"Sbicolor_v3.1.1",8,2378202,1e+05,"Na"
"Sbicolor_v3.1.1",8,3457491,1e+05,"Na"
"Sbicolor_v3.1.1",8,11572666,1e+05,"Na"
"Sbicolor_v3.1.1",8,54645693,1e+05,"Na"
"Sbicolor_v3.1.1",8,56248491,1e+05,"Na"
"Sbicolor_v3.1.1",8,58586487,1e+05,"Na"
"Sbicolor_v3.1.1",8,59054884,1e+05,"Na"
"Sbicolor_v3.1.1",8,59365024,1e+05,"Na"
"Sbicolor_v3.1.1",8,60944525,1e+05,"Na"
"Sbicolor_v3.1.1",9,24271770,1e+05,"Na"
"Sbicolor_v3.1.1",9,50615928,1e+05,"Na"
"Sbicolor_v3.1.1",10,370834,1e+05,"Na"
"Sbicolor_v3.1.1",10,7530782,1e+05,"Na"
"Sbicolor_v3.1.1",10,7698383,1e+05,"Na"
"Sbicolor_v3.1.1",10,55680554,1e+05,"Na"
"Sbicolor_v3.1.1",10,57088104,1e+05,"Na"
"Sbicolor_v3.1.1",10,57815884,1e+05,"Na"
"Sbicolor_v3.1.1",1,3104746,1e+05,"Ni"
"Sbicolor_v3.1.1",1,7018408,1e+05,"Ni"
"Sbicolor_v3.1.1",1,15890085,1e+05,"Ni"
"Sbicolor_v3.1.1",1,18815717,1e+05,"Ni"
"Sbicolor_v3.1.1",1,18815717,1e+05,"Ni"
"Sbicolor_v3.1.1",1,19687562,1e+05,"Ni"
"Sbicolor_v3.1.1",1,21310900,1e+05,"Ni"
"Sbicolor_v3.1.1",1,21439828,1e+05,"Ni"
"Sbicolor_v3.1.1",1,21683562,1e+05,"Ni"
"Sbicolor_v3.1.1",1,24535678,1e+05,"Ni"
"Sbicolor_v3.1.1",1,25856758,1e+05,"Ni"
"Sbicolor_v3.1.1",1,55857064,1e+05,"Ni"
"Sbicolor_v3.1.1",1,61332846,1e+05,"Ni"
"Sbicolor_v3.1.1",1,70046745,1e+05,"Ni"
"Sbicolor_v3.1.1",1,71731910,1e+05,"Ni"
"Sbicolor_v3.1.1",2,6100094,1e+05,"Ni"
"Sbicolor_v3.1.1",2,6100094,1e+05,"Ni"
"Sbicolor_v3.1.1",2,6221498,1e+05,"Ni"
"Sbicolor_v3.1.1",2,6751691,1e+05,"Ni"
"Sbicolor_v3.1.1",2,6751723,1e+05,"Ni"
"Sbicolor_v3.1.1",2,20977514,1e+05,"Ni"
"Sbicolor_v3.1.1",2,59198381,1e+05,"Ni"
"Sbicolor_v3.1.1",2,61738812,1e+05,"Ni"
"Sbicolor_v3.1.1",2,62099184,1e+05,"Ni"
"Sbicolor_v3.1.1",2,75008406,1e+05,"Ni"
"Sbicolor_v3.1.1",3,2124461,1e+05,"Ni"
"Sbicolor_v3.1.1",3,3571390,1e+05,"Ni"
"Sbicolor_v3.1.1",3,5111462,1e+05,"Ni"
"Sbicolor_v3.1.1",3,11602546,1e+05,"Ni"
"Sbicolor_v3.1.1",3,19833549,1e+05,"Ni"
"Sbicolor_v3.1.1",3,42510845,1e+05,"Ni"
"Sbicolor_v3.1.1",3,54892376,1e+05,"Ni"
"Sbicolor_v3.1.1",3,58912525,1e+05,"Ni"
"Sbicolor_v3.1.1",3,60054094,1e+05,"Ni"
"Sbicolor_v3.1.1",3,60054094,1e+05,"Ni"
"Sbicolor_v3.1.1",3,64825520,1e+05,"Ni"
"Sbicolor_v3.1.1",3,65364577,1e+05,"Ni"
"Sbicolor_v3.1.1",3,68818852,1e+05,"Ni"
"Sbicolor_v3.1.1",3,68822933,1e+05,"Ni"
"Sbicolor_v3.1.1",3,71852707,1e+05,"Ni"
"Sbicolor_v3.1.1",4,3695513,1e+05,"Ni"
"Sbicolor_v3.1.1",4,13903741,1e+05,"Ni"
"Sbicolor_v3.1.1",4,36457396,1e+05,"Ni"
"Sbicolor_v3.1.1",4,39898530,1e+05,"Ni"
"Sbicolor_v3.1.1",4,59115693,1e+05,"Ni"
"Sbicolor_v3.1.1",4,60643506,1e+05,"Ni"
"Sbicolor_v3.1.1",4,61600112,1e+05,"Ni"
"Sbicolor_v3.1.1",4,62154115,1e+05,"Ni"
"Sbicolor_v3.1.1",4,62249160,1e+05,"Ni"
"Sbicolor_v3.1.1",4,64335976,1e+05,"Ni"
"Sbicolor_v3.1.1",5,1891197,1e+05,"Ni"
"Sbicolor_v3.1.1",5,1891197,1e+05,"Ni"
"Sbicolor_v3.1.1",5,1891197,1e+05,"Ni"
"Sbicolor_v3.1.1",5,2088546,1e+05,"Ni"
"Sbicolor_v3.1.1",5,9571141,1e+05,"Ni"
"Sbicolor_v3.1.1",5,12150839,1e+05,"Ni"
"Sbicolor_v3.1.1",5,12840851,1e+05,"Ni"
"Sbicolor_v3.1.1",5,67552182,1e+05,"Ni"
"Sbicolor_v3.1.1",5,68468954,1e+05,"Ni"
"Sbicolor_v3.1.1",6,1532559,1e+05,"Ni"
"Sbicolor_v3.1.1",6,5752661,1e+05,"Ni"
"Sbicolor_v3.1.1",6,46034489,1e+05,"Ni"
"Sbicolor_v3.1.1",6,46042462,1e+05,"Ni"
"Sbicolor_v3.1.1",6,46381047,1e+05,"Ni"
"Sbicolor_v3.1.1",6,51003823,1e+05,"Ni"
"Sbicolor_v3.1.1",6,52037125,1e+05,"Ni"
"Sbicolor_v3.1.1",6,52183324,1e+05,"Ni"
"Sbicolor_v3.1.1",6,52183324,1e+05,"Ni"
"Sbicolor_v3.1.1",6,52214940,1e+05,"Ni"
"Sbicolor_v3.1.1",6,52214940,1e+05,"Ni"
"Sbicolor_v3.1.1",6,52214940,1e+05,"Ni"
"Sbicolor_v3.1.1",6,52214940,1e+05,"Ni"
"Sbicolor_v3.1.1",6,52214940,1e+05,"Ni"
"Sbicolor_v3.1.1",6,52388798,1e+05,"Ni"
"Sbicolor_v3.1.1",6,52388805,1e+05,"Ni"
"Sbicolor_v3.1.1",6,55277718,1e+05,"Ni"
"Sbicolor_v3.1.1",6,59288089,1e+05,"Ni"
"Sbicolor_v3.1.1",7,9057897,1e+05,"Ni"
"Sbicolor_v3.1.1",7,9928485,1e+05,"Ni"
"Sbicolor_v3.1.1",7,58665614,1e+05,"Ni"
"Sbicolor_v3.1.1",7,64257855,1e+05,"Ni"
"Sbicolor_v3.1.1",8,3110717,1e+05,"Ni"
"Sbicolor_v3.1.1",8,3110717,1e+05,"Ni"
"Sbicolor_v3.1.1",8,3110717,1e+05,"Ni"
"Sbicolor_v3.1.1",9,11922235,1e+05,"Ni"
"Sbicolor_v3.1.1",9,15388092,1e+05,"Ni"
"Sbicolor_v3.1.1",9,15388092,1e+05,"Ni"
"Sbicolor_v3.1.1",9,19080609,1e+05,"Ni"
"Sbicolor_v3.1.1",9,54131188,1e+05,"Ni"
"Sbicolor_v3.1.1",9,58600484,1e+05,"Ni"
"Sbicolor_v3.1.1",10,818206,1e+05,"Ni"
"Sbicolor_v3.1.1",10,9339002,1e+05,"Ni"
"Sbicolor_v3.1.1",10,11204601,1e+05,"Ni"
"Sbicolor_v3.1.1",10,32968040,1e+05,"Ni"
"Sbicolor_v3.1.1",10,41297990,1e+05,"Ni"
"Sbicolor_v3.1.1",10,44647275,1e+05,"Ni"
"Sbicolor_v3.1.1",10,58950139,1e+05,"Ni"
"Sbicolor_v3.1.1",1,1057467,1e+05,"P"
"Sbicolor_v3.1.1",1,4007434,1e+05,"P"
"Sbicolor_v3.1.1",1,14796736,1e+05,"P"
"Sbicolor_v3.1.1",1,20256398,1e+05,"P"
"Sbicolor_v3.1.1",1,23995656,1e+05,"P"
"Sbicolor_v3.1.1",1,25520398,1e+05,"P"
"Sbicolor_v3.1.1",1,28070502,1e+05,"P"
"Sbicolor_v3.1.1",1,54693594,1e+05,"P"
"Sbicolor_v3.1.1",1,57490927,1e+05,"P"
"Sbicolor_v3.1.1",1,57941392,1e+05,"P"
"Sbicolor_v3.1.1",1,60813053,1e+05,"P"
"Sbicolor_v3.1.1",1,66682293,1e+05,"P"
"Sbicolor_v3.1.1",1,69997194,1e+05,"P"
"Sbicolor_v3.1.1",1,72061476,1e+05,"P"
"Sbicolor_v3.1.1",1,72061476,1e+05,"P"
"Sbicolor_v3.1.1",1,72061476,1e+05,"P"
"Sbicolor_v3.1.1",1,72061476,1e+05,"P"
"Sbicolor_v3.1.1",1,72372504,1e+05,"P"
"Sbicolor_v3.1.1",1,72605904,1e+05,"P"
"Sbicolor_v3.1.1",1,72937156,1e+05,"P"
"Sbicolor_v3.1.1",1,78333127,1e+05,"P"
"Sbicolor_v3.1.1",2,4844800,1e+05,"P"
"Sbicolor_v3.1.1",2,8332126,1e+05,"P"
"Sbicolor_v3.1.1",2,8332126,1e+05,"P"
"Sbicolor_v3.1.1",2,14786705,1e+05,"P"
"Sbicolor_v3.1.1",2,56588437,1e+05,"P"
"Sbicolor_v3.1.1",2,62316784,1e+05,"P"
"Sbicolor_v3.1.1",2,69312332,1e+05,"P"
"Sbicolor_v3.1.1",2,74551639,1e+05,"P"
"Sbicolor_v3.1.1",2,76039684,1e+05,"P"
"Sbicolor_v3.1.1",3,1780700,1e+05,"P"
"Sbicolor_v3.1.1",3,1875344,1e+05,"P"
"Sbicolor_v3.1.1",3,3899022,1e+05,"P"
"Sbicolor_v3.1.1",3,3903998,1e+05,"P"
"Sbicolor_v3.1.1",3,8738913,1e+05,"P"
"Sbicolor_v3.1.1",3,8738913,1e+05,"P"
"Sbicolor_v3.1.1",3,13241867,1e+05,"P"
"Sbicolor_v3.1.1",3,40572305,1e+05,"P"
"Sbicolor_v3.1.1",3,40572305,1e+05,"P"
"Sbicolor_v3.1.1",3,47964529,1e+05,"P"
"Sbicolor_v3.1.1",3,51906296,1e+05,"P"
"Sbicolor_v3.1.1",3,53202726,1e+05,"P"
"Sbicolor_v3.1.1",3,53467978,1e+05,"P"
"Sbicolor_v3.1.1",3,60681608,1e+05,"P"
"Sbicolor_v3.1.1",3,66578360,1e+05,"P"
"Sbicolor_v3.1.1",3,70247135,1e+05,"P"
"Sbicolor_v3.1.1",4,6045338,1e+05,"P"
"Sbicolor_v3.1.1",4,12639677,1e+05,"P"
"Sbicolor_v3.1.1",4,13450638,1e+05,"P"
"Sbicolor_v3.1.1",4,39272661,1e+05,"P"
"Sbicolor_v3.1.1",4,39272661,1e+05,"P"
"Sbicolor_v3.1.1",4,39272661,1e+05,"P"
"Sbicolor_v3.1.1",4,41285627,1e+05,"P"
"Sbicolor_v3.1.1",4,53008957,1e+05,"P"
"Sbicolor_v3.1.1",4,54650487,1e+05,"P"
"Sbicolor_v3.1.1",4,57456389,1e+05,"P"
"Sbicolor_v3.1.1",4,63590117,1e+05,"P"
"Sbicolor_v3.1.1",5,3039444,1e+05,"P"
"Sbicolor_v3.1.1",5,6406123,1e+05,"P"
"Sbicolor_v3.1.1",5,8842262,1e+05,"P"
"Sbicolor_v3.1.1",5,8842262,1e+05,"P"
"Sbicolor_v3.1.1",5,51268312,1e+05,"P"
"Sbicolor_v3.1.1",5,54757258,1e+05,"P"
"Sbicolor_v3.1.1",5,59150036,1e+05,"P"
"Sbicolor_v3.1.1",5,59170137,1e+05,"P"
"Sbicolor_v3.1.1",5,69759416,1e+05,"P"
"Sbicolor_v3.1.1",6,50620296,1e+05,"P"
"Sbicolor_v3.1.1",6,52713547,1e+05,"P"
"Sbicolor_v3.1.1",6,52777810,1e+05,"P"
"Sbicolor_v3.1.1",6,54128682,1e+05,"P"
"Sbicolor_v3.1.1",6,54250709,1e+05,"P"
"Sbicolor_v3.1.1",6,56976131,1e+05,"P"
"Sbicolor_v3.1.1",6,57887706,1e+05,"P"
"Sbicolor_v3.1.1",6,57887706,1e+05,"P"
"Sbicolor_v3.1.1",7,858213,1e+05,"P"
"Sbicolor_v3.1.1",7,2100766,1e+05,"P"
"Sbicolor_v3.1.1",7,4964953,1e+05,"P"
"Sbicolor_v3.1.1",7,17697404,1e+05,"P"
"Sbicolor_v3.1.1",7,30431686,1e+05,"P"
"Sbicolor_v3.1.1",7,40979012,1e+05,"P"
"Sbicolor_v3.1.1",7,59535723,1e+05,"P"
"Sbicolor_v3.1.1",8,2121734,1e+05,"P"
"Sbicolor_v3.1.1",8,3416236,1e+05,"P"
"Sbicolor_v3.1.1",8,5401150,1e+05,"P"
"Sbicolor_v3.1.1",8,49124295,1e+05,"P"
"Sbicolor_v3.1.1",8,61869118,1e+05,"P"
"Sbicolor_v3.1.1",9,370203,1e+05,"P"
"Sbicolor_v3.1.1",9,1835516,1e+05,"P"
"Sbicolor_v3.1.1",9,48442162,1e+05,"P"
"Sbicolor_v3.1.1",9,49866183,1e+05,"P"
"Sbicolor_v3.1.1",9,56066187,1e+05,"P"
"Sbicolor_v3.1.1",9,57146166,1e+05,"P"
"Sbicolor_v3.1.1",10,2852641,1e+05,"P"
"Sbicolor_v3.1.1",10,5633477,1e+05,"P"
"Sbicolor_v3.1.1",10,6922938,1e+05,"P"
"Sbicolor_v3.1.1",10,9859489,1e+05,"P"
"Sbicolor_v3.1.1",10,20530036,1e+05,"P"
"Sbicolor_v3.1.1",10,46045563,1e+05,"P"
"Sbicolor_v3.1.1",10,47067866,1e+05,"P"
"Sbicolor_v3.1.1",10,48876558,1e+05,"P"
"Sbicolor_v3.1.1",10,48876558,1e+05,"P"
"Sbicolor_v3.1.1",10,52965914,1e+05,"P"
"Sbicolor_v3.1.1",10,58764012,1e+05,"P"
"Sbicolor_v3.1.1",1,3318176,1e+05,"Rb"
"Sbicolor_v3.1.1",1,7164734,1e+05,"Rb"
"Sbicolor_v3.1.1",1,7973284,1e+05,"Rb"
"Sbicolor_v3.1.1",1,50784005,1e+05,"Rb"
"Sbicolor_v3.1.1",1,50784005,1e+05,"Rb"
"Sbicolor_v3.1.1",1,56568091,1e+05,"Rb"
"Sbicolor_v3.1.1",1,56749383,1e+05,"Rb"
"Sbicolor_v3.1.1",1,63487446,1e+05,"Rb"
"Sbicolor_v3.1.1",1,78180859,1e+05,"Rb"
"Sbicolor_v3.1.1",1,79892248,1e+05,"Rb"
"Sbicolor_v3.1.1",2,4215924,1e+05,"Rb"
"Sbicolor_v3.1.1",2,5038335,1e+05,"Rb"
"Sbicolor_v3.1.1",2,9567987,1e+05,"Rb"
"Sbicolor_v3.1.1",2,9567987,1e+05,"Rb"
"Sbicolor_v3.1.1",2,11958549,1e+05,"Rb"
"Sbicolor_v3.1.1",2,59914899,1e+05,"Rb"
"Sbicolor_v3.1.1",2,60138043,1e+05,"Rb"
"Sbicolor_v3.1.1",2,69104766,1e+05,"Rb"
"Sbicolor_v3.1.1",2,72122043,1e+05,"Rb"
"Sbicolor_v3.1.1",2,75217695,1e+05,"Rb"
"Sbicolor_v3.1.1",3,5683108,1e+05,"Rb"
"Sbicolor_v3.1.1",3,12558925,1e+05,"Rb"
"Sbicolor_v3.1.1",3,12558925,1e+05,"Rb"
"Sbicolor_v3.1.1",3,12558925,1e+05,"Rb"
"Sbicolor_v3.1.1",3,12558925,1e+05,"Rb"
"Sbicolor_v3.1.1",3,51906296,1e+05,"Rb"
"Sbicolor_v3.1.1",3,51906296,1e+05,"Rb"
"Sbicolor_v3.1.1",3,56273036,1e+05,"Rb"
"Sbicolor_v3.1.1",3,57700469,1e+05,"Rb"
"Sbicolor_v3.1.1",3,60400206,1e+05,"Rb"
"Sbicolor_v3.1.1",3,61738188,1e+05,"Rb"
"Sbicolor_v3.1.1",3,61824417,1e+05,"Rb"
"Sbicolor_v3.1.1",3,70839403,1e+05,"Rb"
"Sbicolor_v3.1.1",3,73239694,1e+05,"Rb"
"Sbicolor_v3.1.1",3,73934363,1e+05,"Rb"
"Sbicolor_v3.1.1",4,4049376,1e+05,"Rb"
"Sbicolor_v3.1.1",4,50758896,1e+05,"Rb"
"Sbicolor_v3.1.1",4,54609234,1e+05,"Rb"
"Sbicolor_v3.1.1",4,57470633,1e+05,"Rb"
"Sbicolor_v3.1.1",4,64973072,1e+05,"Rb"
"Sbicolor_v3.1.1",5,3055160,1e+05,"Rb"
"Sbicolor_v3.1.1",5,9422820,1e+05,"Rb"
"Sbicolor_v3.1.1",5,15890680,1e+05,"Rb"
"Sbicolor_v3.1.1",5,64703448,1e+05,"Rb"
"Sbicolor_v3.1.1",5,68173922,1e+05,"Rb"
"Sbicolor_v3.1.1",5,70279847,1e+05,"Rb"
"Sbicolor_v3.1.1",6,51517798,1e+05,"Rb"
"Sbicolor_v3.1.1",6,56546985,1e+05,"Rb"
"Sbicolor_v3.1.1",7,2165761,1e+05,"Rb"
"Sbicolor_v3.1.1",7,6623555,1e+05,"Rb"
"Sbicolor_v3.1.1",7,25752320,1e+05,"Rb"
"Sbicolor_v3.1.1",7,54554660,1e+05,"Rb"
"Sbicolor_v3.1.1",7,54602651,1e+05,"Rb"
"Sbicolor_v3.1.1",7,63259127,1e+05,"Rb"
"Sbicolor_v3.1.1",8,6146156,1e+05,"Rb"
"Sbicolor_v3.1.1",8,44234586,1e+05,"Rb"
"Sbicolor_v3.1.1",9,5152013,1e+05,"Rb"
"Sbicolor_v3.1.1",9,47198838,1e+05,"Rb"
"Sbicolor_v3.1.1",9,57734960,1e+05,"Rb"
"Sbicolor_v3.1.1",10,10223614,1e+05,"Rb"
"Sbicolor_v3.1.1",10,41924911,1e+05,"Rb"
"Sbicolor_v3.1.1",10,54138751,1e+05,"Rb"
"Sbicolor_v3.1.1",1,3535297,1e+05,"S"
"Sbicolor_v3.1.1",1,4083292,1e+05,"S"
"Sbicolor_v3.1.1",1,4562232,1e+05,"S"
"Sbicolor_v3.1.1",1,15386542,1e+05,"S"
"Sbicolor_v3.1.1",1,15702125,1e+05,"S"
"Sbicolor_v3.1.1",1,17864120,1e+05,"S"
"Sbicolor_v3.1.1",1,46824242,1e+05,"S"
"Sbicolor_v3.1.1",1,46824242,1e+05,"S"
"Sbicolor_v3.1.1",1,51094493,1e+05,"S"
"Sbicolor_v3.1.1",1,54734824,1e+05,"S"
"Sbicolor_v3.1.1",1,56504908,1e+05,"S"
"Sbicolor_v3.1.1",1,74998047,1e+05,"S"
"Sbicolor_v3.1.1",2,1609873,1e+05,"S"
"Sbicolor_v3.1.1",2,10753141,1e+05,"S"
"Sbicolor_v3.1.1",2,10753312,1e+05,"S"
"Sbicolor_v3.1.1",2,10753312,1e+05,"S"
"Sbicolor_v3.1.1",2,72123448,1e+05,"S"
"Sbicolor_v3.1.1",3,5164854,1e+05,"S"
"Sbicolor_v3.1.1",3,6895827,1e+05,"S"
"Sbicolor_v3.1.1",3,7399710,1e+05,"S"
"Sbicolor_v3.1.1",3,9722025,1e+05,"S"
"Sbicolor_v3.1.1",3,12791585,1e+05,"S"
"Sbicolor_v3.1.1",3,12987355,1e+05,"S"
"Sbicolor_v3.1.1",3,13503557,1e+05,"S"
"Sbicolor_v3.1.1",3,13653216,1e+05,"S"
"Sbicolor_v3.1.1",3,14909343,1e+05,"S"
"Sbicolor_v3.1.1",3,19620283,1e+05,"S"
"Sbicolor_v3.1.1",3,21253798,1e+05,"S"
"Sbicolor_v3.1.1",3,32295139,1e+05,"S"
"Sbicolor_v3.1.1",3,41357827,1e+05,"S"
"Sbicolor_v3.1.1",3,50764576,1e+05,"S"
"Sbicolor_v3.1.1",3,51906296,1e+05,"S"
"Sbicolor_v3.1.1",3,60241418,1e+05,"S"
"Sbicolor_v3.1.1",3,67534128,1e+05,"S"
"Sbicolor_v3.1.1",3,70247135,1e+05,"S"
"Sbicolor_v3.1.1",3,70247146,1e+05,"S"
"Sbicolor_v3.1.1",3,70598795,1e+05,"S"
"Sbicolor_v3.1.1",3,71830783,1e+05,"S"
"Sbicolor_v3.1.1",4,6045338,1e+05,"S"
"Sbicolor_v3.1.1",4,9033238,1e+05,"S"
"Sbicolor_v3.1.1",4,52422223,1e+05,"S"
"Sbicolor_v3.1.1",4,56605845,1e+05,"S"
"Sbicolor_v3.1.1",4,58905349,1e+05,"S"
"Sbicolor_v3.1.1",4,68081066,1e+05,"S"
"Sbicolor_v3.1.1",5,10378221,1e+05,"S"
"Sbicolor_v3.1.1",5,52056998,1e+05,"S"
"Sbicolor_v3.1.1",5,54757258,1e+05,"S"
"Sbicolor_v3.1.1",5,54757258,1e+05,"S"
"Sbicolor_v3.1.1",5,62619395,1e+05,"S"
"Sbicolor_v3.1.1",5,62619395,1e+05,"S"
"Sbicolor_v3.1.1",5,65496190,1e+05,"S"
"Sbicolor_v3.1.1",5,68468954,1e+05,"S"
"Sbicolor_v3.1.1",5,68468954,1e+05,"S"
"Sbicolor_v3.1.1",6,29512954,1e+05,"S"
"Sbicolor_v3.1.1",6,52868328,1e+05,"S"
"Sbicolor_v3.1.1",6,53902037,1e+05,"S"
"Sbicolor_v3.1.1",6,53986463,1e+05,"S"
"Sbicolor_v3.1.1",6,57703176,1e+05,"S"
"Sbicolor_v3.1.1",6,59267156,1e+05,"S"
"Sbicolor_v3.1.1",7,858690,1e+05,"S"
"Sbicolor_v3.1.1",7,2321664,1e+05,"S"
"Sbicolor_v3.1.1",7,10890332,1e+05,"S"
"Sbicolor_v3.1.1",7,19312674,1e+05,"S"
"Sbicolor_v3.1.1",7,56788982,1e+05,"S"
"Sbicolor_v3.1.1",7,58159994,1e+05,"S"
"Sbicolor_v3.1.1",7,64331182,1e+05,"S"
"Sbicolor_v3.1.1",8,2939008,1e+05,"S"
"Sbicolor_v3.1.1",8,2939008,1e+05,"S"
"Sbicolor_v3.1.1",8,3173770,1e+05,"S"
"Sbicolor_v3.1.1",8,3967542,1e+05,"S"
"Sbicolor_v3.1.1",8,6016927,1e+05,"S"
"Sbicolor_v3.1.1",8,59990841,1e+05,"S"
"Sbicolor_v3.1.1",9,2652397,1e+05,"S"
"Sbicolor_v3.1.1",9,5630203,1e+05,"S"
"Sbicolor_v3.1.1",9,6492964,1e+05,"S"
"Sbicolor_v3.1.1",9,50940510,1e+05,"S"
"Sbicolor_v3.1.1",9,55969226,1e+05,"S"
"Sbicolor_v3.1.1",9,56496657,1e+05,"S"
"Sbicolor_v3.1.1",9,56538293,1e+05,"S"
"Sbicolor_v3.1.1",9,56994838,1e+05,"S"
"Sbicolor_v3.1.1",9,57059728,1e+05,"S"
"Sbicolor_v3.1.1",10,1149045,1e+05,"S"
"Sbicolor_v3.1.1",10,1543171,1e+05,"S"
"Sbicolor_v3.1.1",10,2576109,1e+05,"S"
"Sbicolor_v3.1.1",10,2786099,1e+05,"S"
"Sbicolor_v3.1.1",10,3536844,1e+05,"S"
"Sbicolor_v3.1.1",10,3536844,1e+05,"S"
"Sbicolor_v3.1.1",10,4171524,1e+05,"S"
"Sbicolor_v3.1.1",10,9559450,1e+05,"S"
"Sbicolor_v3.1.1",10,46881436,1e+05,"S"
"Sbicolor_v3.1.1",10,46881436,1e+05,"S"
"Sbicolor_v3.1.1",10,47188252,1e+05,"S"
"Sbicolor_v3.1.1",10,59303885,1e+05,"S"
"Sbicolor_v3.1.1",1,1010730,1e+05,"Se"
"Sbicolor_v3.1.1",1,2271899,1e+05,"Se"
"Sbicolor_v3.1.1",1,7012936,1e+05,"Se"
"Sbicolor_v3.1.1",1,12003875,1e+05,"Se"
"Sbicolor_v3.1.1",1,16407498,1e+05,"Se"
"Sbicolor_v3.1.1",1,16439764,1e+05,"Se"
"Sbicolor_v3.1.1",1,19104819,1e+05,"Se"
"Sbicolor_v3.1.1",1,21469663,1e+05,"Se"
"Sbicolor_v3.1.1",1,23996460,1e+05,"Se"
"Sbicolor_v3.1.1",1,30830726,1e+05,"Se"
"Sbicolor_v3.1.1",1,48403285,1e+05,"Se"
"Sbicolor_v3.1.1",1,51632378,1e+05,"Se"
"Sbicolor_v3.1.1",1,60191731,1e+05,"Se"
"Sbicolor_v3.1.1",1,65649103,1e+05,"Se"
"Sbicolor_v3.1.1",1,66554034,1e+05,"Se"
"Sbicolor_v3.1.1",1,66554034,1e+05,"Se"
"Sbicolor_v3.1.1",1,68874635,1e+05,"Se"
"Sbicolor_v3.1.1",1,70293595,1e+05,"Se"
"Sbicolor_v3.1.1",1,75610934,1e+05,"Se"
"Sbicolor_v3.1.1",2,742898,1e+05,"Se"
"Sbicolor_v3.1.1",2,1609873,1e+05,"Se"
"Sbicolor_v3.1.1",2,2277658,1e+05,"Se"
"Sbicolor_v3.1.1",2,2831967,1e+05,"Se"
"Sbicolor_v3.1.1",2,4751080,1e+05,"Se"
"Sbicolor_v3.1.1",2,5301287,1e+05,"Se"
"Sbicolor_v3.1.1",2,8474765,1e+05,"Se"
"Sbicolor_v3.1.1",2,60542309,1e+05,"Se"
"Sbicolor_v3.1.1",2,70461333,1e+05,"Se"
"Sbicolor_v3.1.1",2,72113870,1e+05,"Se"
"Sbicolor_v3.1.1",2,73526111,1e+05,"Se"
"Sbicolor_v3.1.1",2,73607775,1e+05,"Se"
"Sbicolor_v3.1.1",3,1692372,1e+05,"Se"
"Sbicolor_v3.1.1",3,7702335,1e+05,"Se"
"Sbicolor_v3.1.1",3,9186603,1e+05,"Se"
"Sbicolor_v3.1.1",3,20527228,1e+05,"Se"
"Sbicolor_v3.1.1",3,45987130,1e+05,"Se"
"Sbicolor_v3.1.1",3,52669518,1e+05,"Se"
"Sbicolor_v3.1.1",3,53521098,1e+05,"Se"
"Sbicolor_v3.1.1",3,54964312,1e+05,"Se"
"Sbicolor_v3.1.1",3,58613456,1e+05,"Se"
"Sbicolor_v3.1.1",3,59004236,1e+05,"Se"
"Sbicolor_v3.1.1",3,60794138,1e+05,"Se"
"Sbicolor_v3.1.1",3,64197884,1e+05,"Se"
"Sbicolor_v3.1.1",3,66347190,1e+05,"Se"
"Sbicolor_v3.1.1",3,70388696,1e+05,"Se"
"Sbicolor_v3.1.1",3,74362019,1e+05,"Se"
"Sbicolor_v3.1.1",4,473959,1e+05,"Se"
"Sbicolor_v3.1.1",4,2167304,1e+05,"Se"
"Sbicolor_v3.1.1",4,4638285,1e+05,"Se"
"Sbicolor_v3.1.1",4,5782480,1e+05,"Se"
"Sbicolor_v3.1.1",4,7776067,1e+05,"Se"
"Sbicolor_v3.1.1",4,7776067,1e+05,"Se"
"Sbicolor_v3.1.1",4,7776067,1e+05,"Se"
"Sbicolor_v3.1.1",4,7776067,1e+05,"Se"
"Sbicolor_v3.1.1",4,8928713,1e+05,"Se"
"Sbicolor_v3.1.1",4,8928713,1e+05,"Se"
"Sbicolor_v3.1.1",4,9949688,1e+05,"Se"
"Sbicolor_v3.1.1",4,11092394,1e+05,"Se"
"Sbicolor_v3.1.1",4,12244399,1e+05,"Se"
"Sbicolor_v3.1.1",4,12387241,1e+05,"Se"
"Sbicolor_v3.1.1",4,38462491,1e+05,"Se"
"Sbicolor_v3.1.1",4,48707023,1e+05,"Se"
"Sbicolor_v3.1.1",4,52341754,1e+05,"Se"
"Sbicolor_v3.1.1",4,52724301,1e+05,"Se"
"Sbicolor_v3.1.1",4,62655985,1e+05,"Se"
"Sbicolor_v3.1.1",4,63461528,1e+05,"Se"
"Sbicolor_v3.1.1",4,63461528,1e+05,"Se"
"Sbicolor_v3.1.1",4,63932234,1e+05,"Se"
"Sbicolor_v3.1.1",5,4454055,1e+05,"Se"
"Sbicolor_v3.1.1",5,8035610,1e+05,"Se"
"Sbicolor_v3.1.1",5,37909138,1e+05,"Se"
"Sbicolor_v3.1.1",5,57231019,1e+05,"Se"
"Sbicolor_v3.1.1",5,59008113,1e+05,"Se"
"Sbicolor_v3.1.1",5,59170137,1e+05,"Se"
"Sbicolor_v3.1.1",5,61681478,1e+05,"Se"
"Sbicolor_v3.1.1",5,63507709,1e+05,"Se"
"Sbicolor_v3.1.1",5,68468954,1e+05,"Se"
"Sbicolor_v3.1.1",6,1312382,1e+05,"Se"
"Sbicolor_v3.1.1",6,20959384,1e+05,"Se"
"Sbicolor_v3.1.1",6,27895863,1e+05,"Se"
"Sbicolor_v3.1.1",6,42779000,1e+05,"Se"
"Sbicolor_v3.1.1",6,48856529,1e+05,"Se"
"Sbicolor_v3.1.1",6,52869034,1e+05,"Se"
"Sbicolor_v3.1.1",6,53176829,1e+05,"Se"
"Sbicolor_v3.1.1",6,53986463,1e+05,"Se"
"Sbicolor_v3.1.1",6,58767474,1e+05,"Se"
"Sbicolor_v3.1.1",7,1838966,1e+05,"Se"
"Sbicolor_v3.1.1",7,2952947,1e+05,"Se"
"Sbicolor_v3.1.1",7,17697641,1e+05,"Se"
"Sbicolor_v3.1.1",7,58159994,1e+05,"Se"
"Sbicolor_v3.1.1",7,60006325,1e+05,"Se"
"Sbicolor_v3.1.1",7,60672873,1e+05,"Se"
"Sbicolor_v3.1.1",7,64804357,1e+05,"Se"
"Sbicolor_v3.1.1",8,3366613,1e+05,"Se"
"Sbicolor_v3.1.1",8,4681959,1e+05,"Se"
"Sbicolor_v3.1.1",8,7324387,1e+05,"Se"
"Sbicolor_v3.1.1",8,51719736,1e+05,"Se"
"Sbicolor_v3.1.1",8,57460486,1e+05,"Se"
"Sbicolor_v3.1.1",8,58069327,1e+05,"Se"
"Sbicolor_v3.1.1",8,59097566,1e+05,"Se"
"Sbicolor_v3.1.1",8,59570688,1e+05,"Se"
"Sbicolor_v3.1.1",8,62316436,1e+05,"Se"
"Sbicolor_v3.1.1",8,62397228,1e+05,"Se"
"Sbicolor_v3.1.1",9,1302015,1e+05,"Se"
"Sbicolor_v3.1.1",9,3194717,1e+05,"Se"
"Sbicolor_v3.1.1",9,6008862,1e+05,"Se"
"Sbicolor_v3.1.1",9,7314447,1e+05,"Se"
"Sbicolor_v3.1.1",9,31309053,1e+05,"Se"
"Sbicolor_v3.1.1",9,44039275,1e+05,"Se"
"Sbicolor_v3.1.1",9,51847940,1e+05,"Se"
"Sbicolor_v3.1.1",9,58571183,1e+05,"Se"
"Sbicolor_v3.1.1",10,2144939,1e+05,"Se"
"Sbicolor_v3.1.1",10,3820766,1e+05,"Se"
"Sbicolor_v3.1.1",10,5619940,1e+05,"Se"
"Sbicolor_v3.1.1",10,9447194,1e+05,"Se"
"Sbicolor_v3.1.1",10,14122244,1e+05,"Se"
"Sbicolor_v3.1.1",10,15785157,1e+05,"Se"
"Sbicolor_v3.1.1",10,26879749,1e+05,"Se"
"Sbicolor_v3.1.1",10,40204351,1e+05,"Se"
"Sbicolor_v3.1.1",10,40204351,1e+05,"Se"
"Sbicolor_v3.1.1",10,48223247,1e+05,"Se"
"Sbicolor_v3.1.1",10,49536872,1e+05,"Se"
"Sbicolor_v3.1.1",10,52236679,1e+05,"Se"
"Sbicolor_v3.1.1",10,52236679,1e+05,"Se"
"Sbicolor_v3.1.1",10,54187232,1e+05,"Se"
"Sbicolor_v3.1.1",10,55527635,1e+05,"Se"
"Sbicolor_v3.1.1",10,55527635,1e+05,"Se"
"Sbicolor_v3.1.1",10,57794335,1e+05,"Se"
"Sbicolor_v3.1.1",1,20388,1e+05,"Zn"
"Sbicolor_v3.1.1",1,351649,1e+05,"Zn"
"Sbicolor_v3.1.1",1,1274733,1e+05,"Zn"
"Sbicolor_v3.1.1",1,3220409,1e+05,"Zn"
"Sbicolor_v3.1.1",1,4067379,1e+05,"Zn"
"Sbicolor_v3.1.1",1,4223232,1e+05,"Zn"
"Sbicolor_v3.1.1",1,5871126,1e+05,"Zn"
"Sbicolor_v3.1.1",1,5871126,1e+05,"Zn"
"Sbicolor_v3.1.1",1,6708071,1e+05,"Zn"
"Sbicolor_v3.1.1",1,11096359,1e+05,"Zn"
"Sbicolor_v3.1.1",1,11398515,1e+05,"Zn"
"Sbicolor_v3.1.1",1,11398515,1e+05,"Zn"
"Sbicolor_v3.1.1",1,11398515,1e+05,"Zn"
"Sbicolor_v3.1.1",1,11398515,1e+05,"Zn"
"Sbicolor_v3.1.1",1,24790295,1e+05,"Zn"
"Sbicolor_v3.1.1",1,26238605,1e+05,"Zn"
"Sbicolor_v3.1.1",1,26398934,1e+05,"Zn"
"Sbicolor_v3.1.1",1,49256085,1e+05,"Zn"
"Sbicolor_v3.1.1",1,54138523,1e+05,"Zn"
"Sbicolor_v3.1.1",1,54243630,1e+05,"Zn"
"Sbicolor_v3.1.1",1,54693594,1e+05,"Zn"
"Sbicolor_v3.1.1",1,57681086,1e+05,"Zn"
"Sbicolor_v3.1.1",1,58377437,1e+05,"Zn"
"Sbicolor_v3.1.1",1,62662524,1e+05,"Zn"
"Sbicolor_v3.1.1",1,62662524,1e+05,"Zn"
"Sbicolor_v3.1.1",1,67213069,1e+05,"Zn"
"Sbicolor_v3.1.1",1,67303970,1e+05,"Zn"
"Sbicolor_v3.1.1",1,71505632,1e+05,"Zn"
"Sbicolor_v3.1.1",1,73269096,1e+05,"Zn"
"Sbicolor_v3.1.1",1,78728262,1e+05,"Zn"
"Sbicolor_v3.1.1",1,78776002,1e+05,"Zn"
"Sbicolor_v3.1.1",2,1803086,1e+05,"Zn"
"Sbicolor_v3.1.1",2,2066080,1e+05,"Zn"
"Sbicolor_v3.1.1",2,4823802,1e+05,"Zn"
"Sbicolor_v3.1.1",2,12326286,1e+05,"Zn"
"Sbicolor_v3.1.1",2,14386400,1e+05,"Zn"
"Sbicolor_v3.1.1",2,17975844,1e+05,"Zn"
"Sbicolor_v3.1.1",2,56476225,1e+05,"Zn"
"Sbicolor_v3.1.1",2,59216297,1e+05,"Zn"
"Sbicolor_v3.1.1",2,61933842,1e+05,"Zn"
"Sbicolor_v3.1.1",2,62131197,1e+05,"Zn"
"Sbicolor_v3.1.1",2,64066927,1e+05,"Zn"
"Sbicolor_v3.1.1",2,72762290,1e+05,"Zn"
"Sbicolor_v3.1.1",2,75258108,1e+05,"Zn"
"Sbicolor_v3.1.1",3,3305295,1e+05,"Zn"
"Sbicolor_v3.1.1",3,5202389,1e+05,"Zn"
"Sbicolor_v3.1.1",3,6895827,1e+05,"Zn"
"Sbicolor_v3.1.1",3,7087283,1e+05,"Zn"
"Sbicolor_v3.1.1",3,7412839,1e+05,"Zn"
"Sbicolor_v3.1.1",3,11369883,1e+05,"Zn"
"Sbicolor_v3.1.1",3,37278759,1e+05,"Zn"
"Sbicolor_v3.1.1",3,55679618,1e+05,"Zn"
"Sbicolor_v3.1.1",3,56148509,1e+05,"Zn"
"Sbicolor_v3.1.1",3,58984834,1e+05,"Zn"
"Sbicolor_v3.1.1",3,59392799,1e+05,"Zn"
"Sbicolor_v3.1.1",3,59439519,1e+05,"Zn"
"Sbicolor_v3.1.1",3,60529278,1e+05,"Zn"
"Sbicolor_v3.1.1",3,60529278,1e+05,"Zn"
"Sbicolor_v3.1.1",3,63374873,1e+05,"Zn"
"Sbicolor_v3.1.1",3,65349046,1e+05,"Zn"
"Sbicolor_v3.1.1",3,66578360,1e+05,"Zn"
"Sbicolor_v3.1.1",3,67224424,1e+05,"Zn"
"Sbicolor_v3.1.1",3,68822933,1e+05,"Zn"
"Sbicolor_v3.1.1",3,69671212,1e+05,"Zn"
"Sbicolor_v3.1.1",3,70457916,1e+05,"Zn"
"Sbicolor_v3.1.1",3,70598795,1e+05,"Zn"
"Sbicolor_v3.1.1",3,72532057,1e+05,"Zn"
"Sbicolor_v3.1.1",4,950061,1e+05,"Zn"
"Sbicolor_v3.1.1",4,3096232,1e+05,"Zn"
"Sbicolor_v3.1.1",4,3957562,1e+05,"Zn"
"Sbicolor_v3.1.1",4,6771663,1e+05,"Zn"
"Sbicolor_v3.1.1",4,12196448,1e+05,"Zn"
"Sbicolor_v3.1.1",4,14983749,1e+05,"Zn"
"Sbicolor_v3.1.1",4,37523625,1e+05,"Zn"
"Sbicolor_v3.1.1",4,43252608,1e+05,"Zn"
"Sbicolor_v3.1.1",4,46657057,1e+05,"Zn"
"Sbicolor_v3.1.1",4,49431589,1e+05,"Zn"
"Sbicolor_v3.1.1",4,53996938,1e+05,"Zn"
"Sbicolor_v3.1.1",4,56428534,1e+05,"Zn"
"Sbicolor_v3.1.1",4,57287628,1e+05,"Zn"
"Sbicolor_v3.1.1",4,61997738,1e+05,"Zn"
"Sbicolor_v3.1.1",4,63597169,1e+05,"Zn"
"Sbicolor_v3.1.1",5,1891197,1e+05,"Zn"
"Sbicolor_v3.1.1",5,5040622,1e+05,"Zn"
"Sbicolor_v3.1.1",5,11615256,1e+05,"Zn"
"Sbicolor_v3.1.1",5,38307925,1e+05,"Zn"
"Sbicolor_v3.1.1",5,61779846,1e+05,"Zn"
"Sbicolor_v3.1.1",5,62908943,1e+05,"Zn"
"Sbicolor_v3.1.1",5,62919950,1e+05,"Zn"
"Sbicolor_v3.1.1",5,69407431,1e+05,"Zn"
"Sbicolor_v3.1.1",5,71366936,1e+05,"Zn"
"Sbicolor_v3.1.1",6,366829,1e+05,"Zn"
"Sbicolor_v3.1.1",6,2362735,1e+05,"Zn"
"Sbicolor_v3.1.1",6,2362735,1e+05,"Zn"
"Sbicolor_v3.1.1",6,14538283,1e+05,"Zn"
"Sbicolor_v3.1.1",6,43828266,1e+05,"Zn"
"Sbicolor_v3.1.1",6,56592529,1e+05,"Zn"
"Sbicolor_v3.1.1",6,58210809,1e+05,"Zn"
"Sbicolor_v3.1.1",7,4559702,1e+05,"Zn"
"Sbicolor_v3.1.1",7,5358058,1e+05,"Zn"
"Sbicolor_v3.1.1",7,6774019,1e+05,"Zn"
"Sbicolor_v3.1.1",7,58606995,1e+05,"Zn"
"Sbicolor_v3.1.1",7,58606995,1e+05,"Zn"
"Sbicolor_v3.1.1",8,4145625,1e+05,"Zn"
"Sbicolor_v3.1.1",8,5365694,1e+05,"Zn"
"Sbicolor_v3.1.1",8,57175260,1e+05,"Zn"
"Sbicolor_v3.1.1",9,38226,1e+05,"Zn"
"Sbicolor_v3.1.1",9,1615518,1e+05,"Zn"
"Sbicolor_v3.1.1",9,1859421,1e+05,"Zn"
"Sbicolor_v3.1.1",9,40796042,1e+05,"Zn"
"Sbicolor_v3.1.1",9,56733320,1e+05,"Zn"
"Sbicolor_v3.1.1",10,1247301,1e+05,"Zn"
"Sbicolor_v3.1.1",10,1247301,1e+05,"Zn"
"Sbicolor_v3.1.1",10,2336971,1e+05,"Zn"
"Sbicolor_v3.1.1",10,2451487,1e+05,"Zn"
"Sbicolor_v3.1.1",10,2451487,1e+05,"Zn"
"Sbicolor_v3.1.1",10,2882636,1e+05,"Zn"
"Sbicolor_v3.1.1",10,4481578,1e+05,"Zn"
"Sbicolor_v3.1.1",10,4481578,1e+05,"Zn"
"Sbicolor_v3.1.1",10,5716520,1e+05,"Zn"
"Sbicolor_v3.1.1",10,7244311,1e+05,"Zn"
"Sbicolor_v3.1.1",10,10901089,1e+05,"Zn"
"Sbicolor_v3.1.1",10,43538756,1e+05,"Zn"
"Sbicolor_v3.1.1",10,46380434,1e+05,"Zn"
"Sbicolor_v3.1.1",10,60058846,1e+05,"Zn"
